survey_id,ticket_id,invited,score,response_days
Q00001,T00001,1,4,1
Q00002,T00002,1,,
Q00003,T00003,1,,
Q00004,T00004,1,5,0
Q00005,T00005,1,5,4
Q00006,T00006,1,,
Q00007,T00007,1,,
Q00008,T00008,1,,
Q00009,T00009,1,5,4
Q00010,T00010,1,5,1
Q00011,T00011,1,,
Q00012,T00012,1,,
Q00013,T00013,1,4,3
Q00014,T00014,0,,
Q00015,T00015,1,5,0
Q00016,T00016,1,1,0
Q00017,T00017,1,,
Q00018,T00018,1,5,3
Q00019,T00019,1,5,4
Q00020,T00020,1,,
Q00021,T00021,1,,
Q00022,T00022,1,5,3
Q00023,T00023,1,,
Q00024,T00024,1,4,0
Q00025,T00025,1,5,3
Q00026,T00026,1,,
Q00027,T00027,1,,
Q00028,T00028,1,,
Q00029,T00029,1,5,1
Q00030,T00030,1,5,1
Q00031,T00031,1,,
Q00032,T00032,1,,
Q00033,T00033,1,4,3
Q00034,T00034,1,,
Q00035,T00035,1,5,2
Q00036,T00036,1,4,2
Q00037,T00037,1,5,4
Q00038,T00038,1,5,1
Q00039,T00039,1,4,0
Q00040,T00040,1,5,3
Q00041,T00041,1,3,1
Q00042,T00042,1,4,4
Q00043,T00043,1,,
Q00044,T00044,1,5,0
Q00045,T00045,1,,
Q00046,T00046,1,5,2
Q00047,T00047,1,,
Q00048,T00048,1,5,2
Q00049,T00049,0,,
Q00050,T00050,1,4,4
Q00051,T00051,1,5,1
Q00052,T00052,1,5,0
Q00053,T00053,1,4,0
Q00054,T00054,1,3,1
Q00055,T00055,1,,
Q00056,T00056,1,4,4
Q00057,T00057,1,1,2
Q00058,T00058,1,4,2
Q00059,T00059,1,4,3
Q00060,T00060,1,5,3
Q00061,T00061,1,5,1
Q00062,T00062,0,,
Q00063,T00063,1,5,2
Q00064,T00064,1,5,4
Q00065,T00065,1,,
Q00066,T00066,1,,
Q00067,T00067,1,,
Q00068,T00068,1,5,1
Q00069,T00069,1,5,2
Q00070,T00070,1,4,2
Q00071,T00071,1,,
Q00072,T00072,1,5,3
Q00073,T00073,1,3,1
Q00074,T00074,1,5,4
Q00075,T00075,0,,
Q00076,T00076,1,,
Q00077,T00077,1,4,2
Q00078,T00078,1,5,0
Q00079,T00079,1,5,0
Q00080,T00080,1,4,0
Q00081,T00081,1,5,4
Q00082,T00082,1,,
Q00083,T00083,1,,
Q00084,T00084,1,4,3
Q00085,T00085,1,5,4
Q00086,T00086,0,,
Q00087,T00087,1,,
Q00088,T00088,1,4,2
Q00089,T00089,1,5,2
Q00090,T00090,1,5,0
Q00091,T00091,1,,
Q00092,T00092,1,,
Q00093,T00093,1,5,2
Q00094,T00094,1,4,2
Q00095,T00095,1,5,0
Q00096,T00096,1,,
Q00097,T00097,1,5,2
Q00098,T00098,1,5,3
Q00099,T00099,1,5,3
Q00100,T00100,1,5,3
Q00101,T00101,0,,
Q00102,T00102,0,,
Q00103,T00103,1,5,1
Q00104,T00104,1,,
Q00105,T00105,1,5,2
Q00106,T00106,1,4,4
Q00107,T00107,1,5,0
Q00108,T00108,1,5,2
Q00109,T00109,1,5,2
Q00110,T00110,1,5,1
Q00111,T00111,1,,
Q00112,T00112,1,5,4
Q00113,T00113,1,5,3
Q00114,T00114,1,,
Q00115,T00115,1,5,0
Q00116,T00116,1,,
Q00117,T00117,1,5,4
Q00118,T00118,1,5,1
Q00119,T00119,1,,
Q00120,T00120,1,5,4
Q00121,T00121,1,4,3
Q00122,T00122,1,,
Q00123,T00123,1,1,2
Q00124,T00124,0,,
Q00125,T00125,0,,
Q00126,T00126,1,5,3
Q00127,T00127,1,5,3
Q00128,T00128,0,,
Q00129,T00129,1,,
Q00130,T00130,1,,
Q00131,T00131,1,3,2
Q00132,T00132,1,,
Q00133,T00133,1,,
Q00134,T00134,1,,
Q00135,T00135,0,,
Q00136,T00136,1,4,0
Q00137,T00137,1,5,2
Q00138,T00138,1,5,0
Q00139,T00139,1,2,3
Q00140,T00140,1,5,4
Q00141,T00141,1,4,0
Q00142,T00142,1,,
Q00143,T00143,1,,
Q00144,T00144,1,5,4
Q00145,T00145,1,,
Q00146,T00146,0,,
Q00147,T00147,0,,
Q00148,T00148,0,,
Q00149,T00149,1,,
Q00150,T00150,1,4,2
Q00151,T00151,0,,
Q00152,T00152,1,5,0
Q00153,T00153,1,5,2
Q00154,T00154,1,5,4
Q00155,T00155,1,5,3
Q00156,T00156,1,5,0
Q00157,T00157,1,5,3
Q00158,T00158,1,5,0
Q00159,T00159,0,,
Q00160,T00160,1,5,1
Q00161,T00161,1,5,3
Q00162,T00162,0,,
Q00163,T00163,1,,
Q00164,T00164,1,3,0
Q00165,T00165,1,5,1
Q00166,T00166,1,5,4
Q00167,T00167,1,3,3
Q00168,T00168,1,4,3
Q00169,T00169,1,,
Q00170,T00170,1,5,1
Q00171,T00171,1,5,2
Q00172,T00172,1,3,3
Q00173,T00173,1,5,1
Q00174,T00174,1,5,2
Q00175,T00175,0,,
Q00176,T00176,1,,
Q00177,T00177,1,4,2
Q00178,T00178,1,4,1
Q00179,T00179,1,,
Q00180,T00180,1,,
Q00181,T00181,1,,
Q00182,T00182,1,5,0
Q00183,T00183,1,5,3
Q00184,T00184,1,5,0
Q00185,T00185,0,,
Q00186,T00186,1,4,1
Q00187,T00187,0,,
Q00188,T00188,1,,
Q00189,T00189,0,,
Q00190,T00190,1,5,1
Q00191,T00191,1,5,1
Q00192,T00192,1,,
Q00193,T00193,1,,
Q00194,T00194,1,5,3
Q00195,T00195,1,,
Q00196,T00196,1,5,2
Q00197,T00197,1,5,0
Q00198,T00198,0,,
Q00199,T00199,1,,
Q00200,T00200,1,3,4
Q00201,T00201,1,5,3
Q00202,T00202,0,,
Q00203,T00203,1,5,2
Q00204,T00204,1,,
Q00205,T00205,1,5,2
Q00206,T00206,1,5,4
Q00207,T00207,1,5,1
Q00208,T00208,1,,
Q00209,T00209,1,5,3
Q00210,T00210,1,,
Q00211,T00211,1,5,2
Q00212,T00212,1,3,4
Q00213,T00213,1,5,2
Q00214,T00214,1,5,0
Q00215,T00215,1,,
Q00216,T00216,1,,
Q00217,T00217,1,4,4
Q00218,T00218,1,5,4
Q00219,T00219,1,5,3
Q00220,T00220,0,,
Q00221,T00221,1,,
Q00222,T00222,1,5,4
Q00223,T00223,1,5,2
Q00224,T00224,1,5,4
Q00225,T00225,1,5,1
Q00226,T00226,1,4,1
Q00227,T00227,1,4,3
Q00228,T00228,1,5,2
Q00229,T00229,0,,
Q00230,T00230,1,4,1
Q00231,T00231,1,,
Q00232,T00232,1,5,1
Q00233,T00233,1,3,4
Q00234,T00234,1,5,4
Q00235,T00235,1,5,0
Q00236,T00236,0,,
Q00237,T00237,1,5,2
Q00238,T00238,1,5,3
Q00239,T00239,1,,
Q00240,T00240,0,,
Q00241,T00241,1,,
Q00242,T00242,1,5,1
Q00243,T00243,1,,
Q00244,T00244,1,,
Q00245,T00245,1,,
Q00246,T00246,1,5,3
Q00247,T00247,1,5,4
Q00248,T00248,1,,
Q00249,T00249,0,,
Q00250,T00250,1,4,3
Q00251,T00251,1,,
Q00252,T00252,1,,
Q00253,T00253,1,5,0
Q00254,T00254,1,5,0
Q00255,T00255,1,5,1
Q00256,T00256,1,,
Q00257,T00257,1,2,3
Q00258,T00258,1,5,4
Q00259,T00259,1,3,3
Q00260,T00260,1,5,3
Q00261,T00261,1,5,2
Q00262,T00262,1,5,3
Q00263,T00263,1,,
Q00264,T00264,0,,
Q00265,T00265,1,4,3
Q00266,T00266,1,,
Q00267,T00267,1,5,3
Q00268,T00268,1,4,1
Q00269,T00269,1,5,2
Q00270,T00270,1,5,3
Q00271,T00271,1,4,4
Q00272,T00272,1,5,2
Q00273,T00273,1,5,2
Q00274,T00274,1,5,0
Q00275,T00275,1,4,4
Q00276,T00276,1,3,4
Q00277,T00277,0,,
Q00278,T00278,1,1,2
Q00279,T00279,1,5,2
Q00280,T00280,1,,
Q00281,T00281,1,2,3
Q00282,T00282,1,,
Q00283,T00283,1,4,0
Q00284,T00284,1,4,0
Q00285,T00285,1,,
Q00286,T00286,1,,
Q00287,T00287,1,,
Q00288,T00288,1,,
Q00289,T00289,1,5,4
Q00290,T00290,1,,
Q00291,T00291,1,4,1
Q00292,T00292,1,5,1
Q00293,T00293,0,,
Q00294,T00294,1,5,3
Q00295,T00295,1,,
Q00296,T00296,1,5,3
Q00297,T00297,1,2,2
Q00298,T00298,1,5,2
Q00299,T00299,1,5,3
Q00300,T00300,1,4,1
Q00301,T00301,1,,
Q00302,T00302,1,,
Q00303,T00303,1,5,1
Q00304,T00304,1,5,0
Q00305,T00305,1,,
Q00306,T00306,1,,
Q00307,T00307,1,,
Q00308,T00308,1,5,1
Q00309,T00309,1,3,2
Q00310,T00310,1,5,1
Q00311,T00311,1,5,2
Q00312,T00312,1,3,3
Q00313,T00313,1,,
Q00314,T00314,1,5,2
Q00315,T00315,1,5,3
Q00316,T00316,1,,
Q00317,T00317,1,3,3
Q00318,T00318,1,4,0
Q00319,T00319,0,,
Q00320,T00320,0,,
Q00321,T00321,1,,
Q00322,T00322,1,,
Q00323,T00323,0,,
Q00324,T00324,1,,
Q00325,T00325,1,5,2
Q00326,T00326,1,,
Q00327,T00327,1,,
Q00328,T00328,1,,
Q00329,T00329,1,5,1
Q00330,T00330,1,3,1
Q00331,T00331,0,,
Q00332,T00332,1,,
Q00333,T00333,1,,
Q00334,T00334,1,5,0
Q00335,T00335,1,4,2
Q00336,T00336,1,,
Q00337,T00337,1,,
Q00338,T00338,1,5,2
Q00339,T00339,0,,
Q00340,T00340,0,,
Q00341,T00341,1,5,0
Q00342,T00342,1,,
Q00343,T00343,1,5,3
Q00344,T00344,1,3,3
Q00345,T00345,1,5,4
Q00346,T00346,1,,
Q00347,T00347,1,4,0
Q00348,T00348,1,4,1
Q00349,T00349,1,,
Q00350,T00350,1,,
Q00351,T00351,1,3,1
Q00352,T00352,1,4,2
Q00353,T00353,1,5,3
Q00354,T00354,1,,
Q00355,T00355,0,,
Q00356,T00356,1,5,3
Q00357,T00357,1,,
Q00358,T00358,1,5,0
Q00359,T00359,1,,
Q00360,T00360,1,,
Q00361,T00361,1,,
Q00362,T00362,1,5,0
Q00363,T00363,0,,
Q00364,T00364,1,5,0
Q00365,T00365,1,4,2
Q00366,T00366,1,4,0
Q00367,T00367,0,,
Q00368,T00368,1,5,2
Q00369,T00369,1,5,0
Q00370,T00370,1,,
Q00371,T00371,1,4,1
Q00372,T00372,0,,
Q00373,T00373,1,5,4
Q00374,T00374,1,,
Q00375,T00375,0,,
Q00376,T00376,1,5,0
Q00377,T00377,1,5,2
Q00378,T00378,1,,
Q00379,T00379,0,,
Q00380,T00380,1,5,1
Q00381,T00381,1,,
Q00382,T00382,1,5,0
Q00383,T00383,1,,
Q00384,T00384,0,,
Q00385,T00385,1,,
Q00386,T00386,1,4,1
Q00387,T00387,1,5,2
Q00388,T00388,1,,
Q00389,T00389,1,5,0
Q00390,T00390,1,5,1
Q00391,T00391,1,4,2
Q00392,T00392,1,,
Q00393,T00393,1,,
Q00394,T00394,1,5,0
Q00395,T00395,1,5,3
Q00396,T00396,0,,
Q00397,T00397,1,3,1
Q00398,T00398,1,5,3
Q00399,T00399,1,,
Q00400,T00400,1,,
Q00401,T00401,0,,
Q00402,T00402,1,5,0
Q00403,T00403,1,5,4
Q00404,T00404,1,,
Q00405,T00405,1,5,0
Q00406,T00406,1,5,3
Q00407,T00407,0,,
Q00408,T00408,1,4,1
Q00409,T00409,1,5,1
Q00410,T00410,1,3,1
Q00411,T00411,1,4,3
Q00412,T00412,1,,
Q00413,T00413,1,4,2
Q00414,T00414,1,,
Q00415,T00415,1,5,1
Q00416,T00416,1,,
Q00417,T00417,1,5,3
Q00418,T00418,1,,
Q00419,T00419,0,,
Q00420,T00420,1,,
Q00421,T00421,1,2,3
Q00422,T00422,1,4,0
Q00423,T00423,1,5,1
Q00424,T00424,1,5,2
Q00425,T00425,1,,
Q00426,T00426,1,,
Q00427,T00427,1,3,3
Q00428,T00428,1,,
Q00429,T00429,1,5,1
Q00430,T00430,1,5,1
Q00431,T00431,1,,
Q00432,T00432,1,5,3
Q00433,T00433,1,,
Q00434,T00434,1,,
Q00435,T00435,0,,
Q00436,T00436,1,5,3
Q00437,T00437,1,4,2
Q00438,T00438,1,5,3
Q00439,T00439,1,,
Q00440,T00440,1,5,3
Q00441,T00441,1,,
Q00442,T00442,1,5,4
Q00443,T00443,1,,
Q00444,T00444,1,4,4
Q00445,T00445,1,5,1
Q00446,T00446,1,4,1
Q00447,T00447,1,5,3
Q00448,T00448,0,,
Q00449,T00449,1,,
Q00450,T00450,1,,
Q00451,T00451,1,4,2
Q00452,T00452,1,5,0
Q00453,T00453,1,4,0
Q00454,T00454,1,5,0
Q00455,T00455,0,,
Q00456,T00456,1,5,3
Q00457,T00457,1,4,4
Q00458,T00458,1,5,4
Q00459,T00459,1,,
Q00460,T00460,1,5,3
Q00461,T00461,1,5,2
Q00462,T00462,1,,
Q00463,T00463,1,5,4
Q00464,T00464,1,,
Q00465,T00465,1,4,0
Q00466,T00466,1,,
Q00467,T00467,1,,
Q00468,T00468,1,,
Q00469,T00469,1,5,4
Q00470,T00470,1,3,2
Q00471,T00471,1,4,2
Q00472,T00472,0,,
Q00473,T00473,1,,
Q00474,T00474,1,,
Q00475,T00475,1,5,4
Q00476,T00476,1,,
Q00477,T00477,1,,
Q00478,T00478,1,4,1
Q00479,T00479,1,,
Q00480,T00480,1,,
Q00481,T00481,1,3,3
Q00482,T00482,1,4,2
Q00483,T00483,1,,
Q00484,T00484,1,5,0
Q00485,T00485,0,,
Q00486,T00486,1,,
Q00487,T00487,1,5,2
Q00488,T00488,1,,
Q00489,T00489,1,5,0
Q00490,T00490,1,4,1
Q00491,T00491,1,4,2
Q00492,T00492,1,5,3
Q00493,T00493,1,,
Q00494,T00494,1,,
Q00495,T00495,1,5,2
Q00496,T00496,1,,
Q00497,T00497,1,,
Q00498,T00498,1,,
Q00499,T00499,0,,
Q00500,T00500,1,4,0
Q00501,T00501,1,,
Q00502,T00502,1,,
Q00503,T00503,1,5,0
Q00504,T00504,1,5,1
Q00505,T00505,1,,
Q00506,T00506,0,,
Q00507,T00507,1,4,0
Q00508,T00508,1,5,2
Q00509,T00509,1,,
Q00510,T00510,1,,
Q00511,T00511,0,,
Q00512,T00512,1,4,3
Q00513,T00513,1,,
Q00514,T00514,1,,
Q00515,T00515,1,5,2
Q00516,T00516,0,,
Q00517,T00517,1,4,4
Q00518,T00518,1,,
Q00519,T00519,1,,
Q00520,T00520,1,3,3
Q00521,T00521,1,,
Q00522,T00522,1,5,1
Q00523,T00523,1,4,2
Q00524,T00524,1,5,1
Q00525,T00525,1,,
Q00526,T00526,1,5,0
Q00527,T00527,1,,
Q00528,T00528,1,,
Q00529,T00529,1,5,2
Q00530,T00530,1,5,1
Q00531,T00531,1,5,0
Q00532,T00532,1,5,4
Q00533,T00533,1,5,1
Q00534,T00534,1,5,2
Q00535,T00535,1,2,0
Q00536,T00536,0,,
Q00537,T00537,1,5,0
Q00538,T00538,1,5,3
Q00539,T00539,1,5,2
Q00540,T00540,1,,
Q00541,T00541,1,4,1
Q00542,T00542,0,,
Q00543,T00543,0,,
Q00544,T00544,1,5,3
Q00545,T00545,1,,
Q00546,T00546,1,4,2
Q00547,T00547,1,5,3
Q00548,T00548,1,5,1
Q00549,T00549,1,5,0
Q00550,T00550,1,5,1
Q00551,T00551,1,5,4
Q00552,T00552,1,5,0
Q00553,T00553,1,,
Q00554,T00554,1,,
Q00555,T00555,1,,
Q00556,T00556,1,,
Q00557,T00557,1,5,4
Q00558,T00558,1,,
Q00559,T00559,1,5,2
Q00560,T00560,1,3,2
Q00561,T00561,1,5,0
Q00562,T00562,1,5,1
Q00563,T00563,1,5,1
Q00564,T00564,1,4,2
Q00565,T00565,1,5,2
Q00566,T00566,1,3,2
Q00567,T00567,1,5,0
Q00568,T00568,1,4,2
Q00569,T00569,1,4,2
Q00570,T00570,1,,
Q00571,T00571,1,,
Q00572,T00572,1,,
Q00573,T00573,0,,
Q00574,T00574,1,,
Q00575,T00575,1,,
Q00576,T00576,1,4,3
Q00577,T00577,0,,
Q00578,T00578,1,5,1
Q00579,T00579,1,5,0
Q00580,T00580,1,4,0
Q00581,T00581,1,4,4
Q00582,T00582,1,5,0
Q00583,T00583,1,,
Q00584,T00584,1,5,2
Q00585,T00585,1,,
Q00586,T00586,0,,
Q00587,T00587,1,5,4
Q00588,T00588,1,4,3
Q00589,T00589,1,4,0
Q00590,T00590,1,4,2
Q00591,T00591,0,,
Q00592,T00592,1,3,4
Q00593,T00593,1,,
Q00594,T00594,1,,
Q00595,T00595,1,4,2
Q00596,T00596,1,,
Q00597,T00597,0,,
Q00598,T00598,1,4,3
Q00599,T00599,1,,
Q00600,T00600,1,5,1
Q00601,T00601,1,,
Q00602,T00602,1,2,3
Q00603,T00603,1,5,0
Q00604,T00604,1,4,4
Q00605,T00605,1,5,0
Q00606,T00606,1,,
Q00607,T00607,1,,
Q00608,T00608,1,,
Q00609,T00609,1,5,0
Q00610,T00610,1,,
Q00611,T00611,1,4,3
Q00612,T00612,1,5,2
Q00613,T00613,1,,
Q00614,T00614,0,,
Q00615,T00615,1,,
Q00616,T00616,0,,
Q00617,T00617,0,,
Q00618,T00618,1,,
Q00619,T00619,1,,
Q00620,T00620,1,,
Q00621,T00621,1,,
Q00622,T00622,1,5,2
Q00623,T00623,1,4,2
Q00624,T00624,1,,
Q00625,T00625,1,5,3
Q00626,T00626,1,5,2
Q00627,T00627,1,,
Q00628,T00628,1,4,0
Q00629,T00629,1,4,3
Q00630,T00630,1,,
Q00631,T00631,1,5,1
Q00632,T00632,1,4,0
Q00633,T00633,1,,
Q00634,T00634,1,5,1
Q00635,T00635,1,5,0
Q00636,T00636,1,4,4
Q00637,T00637,1,,
Q00638,T00638,1,,
Q00639,T00639,1,5,4
Q00640,T00640,1,4,3
Q00641,T00641,1,,
Q00642,T00642,1,5,2
Q00643,T00643,1,,
Q00644,T00644,1,5,1
Q00645,T00645,1,5,2
Q00646,T00646,1,,
Q00647,T00647,1,5,3
Q00648,T00648,1,5,2
Q00649,T00649,1,4,1
Q00650,T00650,1,,
Q00651,T00651,1,5,3
Q00652,T00652,1,5,3
Q00653,T00653,0,,
Q00654,T00654,1,4,4
Q00655,T00655,1,,
Q00656,T00656,1,,
Q00657,T00657,1,5,1
Q00658,T00658,1,4,0
Q00659,T00659,0,,
Q00660,T00660,1,4,0
Q00661,T00661,1,,
Q00662,T00662,1,5,1
Q00663,T00663,1,,
Q00664,T00664,1,5,4
Q00665,T00665,1,5,2
Q00666,T00666,1,5,2
Q00667,T00667,0,,
Q00668,T00668,1,,
Q00669,T00669,1,4,3
Q00670,T00670,1,,
Q00671,T00671,1,5,0
Q00672,T00672,1,,
Q00673,T00673,1,4,4
Q00674,T00674,1,5,3
Q00675,T00675,1,,
Q00676,T00676,0,,
Q00677,T00677,0,,
Q00678,T00678,1,5,0
Q00679,T00679,1,,
Q00680,T00680,0,,
Q00681,T00681,1,5,2
Q00682,T00682,1,5,0
Q00683,T00683,1,,
Q00684,T00684,1,5,1
Q00685,T00685,1,5,0
Q00686,T00686,1,5,1
Q00687,T00687,1,,
Q00688,T00688,1,,
Q00689,T00689,0,,
Q00690,T00690,1,,
Q00691,T00691,1,,
Q00692,T00692,1,4,4
Q00693,T00693,1,,
Q00694,T00694,1,3,1
Q00695,T00695,1,,
Q00696,T00696,1,1,4
Q00697,T00697,1,5,4
Q00698,T00698,0,,
Q00699,T00699,1,5,4
Q00700,T00700,1,,
Q00701,T00701,1,5,1
Q00702,T00702,1,4,3
Q00703,T00703,1,,
Q00704,T00704,1,,
Q00705,T00705,1,5,0
Q00706,T00706,1,,
Q00707,T00707,1,,
Q00708,T00708,0,,
Q00709,T00709,1,5,3
Q00710,T00710,1,,
Q00711,T00711,1,4,4
Q00712,T00712,1,4,3
Q00713,T00713,1,3,4
Q00714,T00714,1,5,0
Q00715,T00715,1,4,1
Q00716,T00716,1,5,2
Q00717,T00717,1,4,3
Q00718,T00718,1,4,2
Q00719,T00719,1,,
Q00720,T00720,1,5,0
Q00721,T00721,1,5,3
Q00722,T00722,1,,
Q00723,T00723,1,5,0
Q00724,T00724,1,5,2
Q00725,T00725,1,5,1
Q00726,T00726,1,5,2
Q00727,T00727,1,,
Q00728,T00728,0,,
Q00729,T00729,1,3,2
Q00730,T00730,1,5,3
Q00731,T00731,1,5,1
Q00732,T00732,1,,
Q00733,T00733,1,3,4
Q00734,T00734,1,5,1
Q00735,T00735,1,5,4
Q00736,T00736,1,,
Q00737,T00737,1,5,2
Q00738,T00738,1,5,1
Q00739,T00739,1,5,4
Q00740,T00740,1,,
Q00741,T00741,1,5,2
Q00742,T00742,1,4,2
Q00743,T00743,0,,
Q00744,T00744,1,,
Q00745,T00745,1,,
Q00746,T00746,1,,
Q00747,T00747,1,5,4
Q00748,T00748,0,,
Q00749,T00749,1,,
Q00750,T00750,0,,
Q00751,T00751,1,5,3
Q00752,T00752,1,3,4
Q00753,T00753,1,,
Q00754,T00754,1,5,4
Q00755,T00755,1,,
Q00756,T00756,1,5,2
Q00757,T00757,1,5,3
Q00758,T00758,1,5,3
Q00759,T00759,1,4,2
Q00760,T00760,1,,
Q00761,T00761,1,1,4
Q00762,T00762,1,,
Q00763,T00763,1,,
Q00764,T00764,1,,
Q00765,T00765,1,4,2
Q00766,T00766,0,,
Q00767,T00767,0,,
Q00768,T00768,1,,
Q00769,T00769,1,,
Q00770,T00770,1,5,3
Q00771,T00771,1,5,3
Q00772,T00772,1,5,1
Q00773,T00773,1,5,1
Q00774,T00774,1,5,3
Q00775,T00775,1,,
Q00776,T00776,1,5,4
Q00777,T00777,1,5,0
Q00778,T00778,1,,
Q00779,T00779,1,5,0
Q00780,T00780,1,,
Q00781,T00781,1,5,2
Q00782,T00782,1,4,1
Q00783,T00783,1,,
Q00784,T00784,1,,
Q00785,T00785,1,5,2
Q00786,T00786,1,4,3
Q00787,T00787,0,,
Q00788,T00788,1,5,3
Q00789,T00789,0,,
Q00790,T00790,1,,
Q00791,T00791,1,4,3
Q00792,T00792,0,,
Q00793,T00793,1,5,3
Q00794,T00794,0,,
Q00795,T00795,1,5,3
Q00796,T00796,1,5,4
Q00797,T00797,1,5,3
Q00798,T00798,1,5,0
Q00799,T00799,1,,
Q00800,T00800,1,5,0
Q00801,T00801,1,4,0
Q00802,T00802,1,4,4
Q00803,T00803,1,3,2
Q00804,T00804,1,4,1
Q00805,T00805,1,5,3
Q00806,T00806,1,4,1
Q00807,T00807,1,5,4
Q00808,T00808,1,5,0
Q00809,T00809,1,,
Q00810,T00810,1,4,4
Q00811,T00811,1,4,1
Q00812,T00812,1,2,3
Q00813,T00813,0,,
Q00814,T00814,1,5,3
Q00815,T00815,1,,
Q00816,T00816,1,5,1
Q00817,T00817,1,4,3
Q00818,T00818,1,,
Q00819,T00819,1,,
Q00820,T00820,1,5,1
Q00821,T00821,0,,
Q00822,T00822,1,3,3
Q00823,T00823,1,,
Q00824,T00824,1,,
Q00825,T00825,1,5,2
Q00826,T00826,1,,
Q00827,T00827,1,5,1
Q00828,T00828,1,5,1
Q00829,T00829,1,3,0
Q00830,T00830,1,3,3
Q00831,T00831,1,,
Q00832,T00832,1,5,1
Q00833,T00833,0,,
Q00834,T00834,1,,
Q00835,T00835,1,5,1
Q00836,T00836,1,4,2
Q00837,T00837,1,3,3
Q00838,T00838,1,4,1
Q00839,T00839,0,,
Q00840,T00840,1,4,4
Q00841,T00841,1,5,0
Q00842,T00842,1,4,1
Q00843,T00843,0,,
Q00844,T00844,1,4,1
Q00845,T00845,1,,
Q00846,T00846,1,5,1
Q00847,T00847,0,,
Q00848,T00848,1,,
Q00849,T00849,0,,
Q00850,T00850,1,5,1
Q00851,T00851,1,5,2
Q00852,T00852,1,2,3
Q00853,T00853,1,4,4
Q00854,T00854,1,5,0
Q00855,T00855,1,4,1
Q00856,T00856,1,5,1
Q00857,T00857,1,2,1
Q00858,T00858,0,,
Q00859,T00859,1,,
Q00860,T00860,1,5,3
Q00861,T00861,0,,
Q00862,T00862,1,,
Q00863,T00863,1,,
Q00864,T00864,1,5,0
Q00865,T00865,1,4,4
Q00866,T00866,1,,
Q00867,T00867,1,4,2
Q00868,T00868,1,5,2
Q00869,T00869,1,5,0
Q00870,T00870,0,,
Q00871,T00871,0,,
Q00872,T00872,1,5,4
Q00873,T00873,1,,
Q00874,T00874,1,5,1
Q00875,T00875,0,,
Q00876,T00876,1,5,2
Q00877,T00877,1,,
Q00878,T00878,1,4,4
Q00879,T00879,1,5,4
Q00880,T00880,1,5,2
Q00881,T00881,1,3,4
Q00882,T00882,1,4,3
Q00883,T00883,1,4,3
Q00884,T00884,1,,
Q00885,T00885,0,,
Q00886,T00886,1,5,0
Q00887,T00887,1,3,1
Q00888,T00888,1,,
Q00889,T00889,1,5,0
Q00890,T00890,1,,
Q00891,T00891,1,4,2
Q00892,T00892,1,,
Q00893,T00893,1,5,3
Q00894,T00894,1,5,2
Q00895,T00895,1,5,0
Q00896,T00896,1,,
Q00897,T00897,1,4,3
Q00898,T00898,1,,
Q00899,T00899,1,5,3
Q00900,T00900,0,,
Q00901,T00901,1,5,1
Q00902,T00902,1,4,4
Q00903,T00903,1,4,4
Q00904,T00904,1,5,3
Q00905,T00905,1,4,2
Q00906,T00906,1,4,0
Q00907,T00907,1,5,3
Q00908,T00908,1,,
Q00909,T00909,1,5,1
Q00910,T00910,1,4,1
Q00911,T00911,1,3,2
Q00912,T00912,0,,
Q00913,T00913,1,4,3
Q00914,T00914,1,,
Q00915,T00915,1,,
Q00916,T00916,1,,
Q00917,T00917,1,4,0
Q00918,T00918,1,5,2
Q00919,T00919,1,,
Q00920,T00920,1,4,4
Q00921,T00921,1,,
Q00922,T00922,1,,
Q00923,T00923,1,,
Q00924,T00924,1,,
Q00925,T00925,1,5,3
Q00926,T00926,1,5,2
Q00927,T00927,1,,
Q00928,T00928,1,3,2
Q00929,T00929,1,5,2
Q00930,T00930,0,,
Q00931,T00931,1,,
Q00932,T00932,1,5,0
Q00933,T00933,1,4,2
Q00934,T00934,0,,
Q00935,T00935,1,,
Q00936,T00936,0,,
Q00937,T00937,1,4,2
Q00938,T00938,0,,
Q00939,T00939,1,5,4
Q00940,T00940,1,,
Q00941,T00941,1,5,4
Q00942,T00942,1,5,4
Q00943,T00943,1,4,1
Q00944,T00944,1,1,1
Q00945,T00945,1,5,1
Q00946,T00946,1,,
Q00947,T00947,1,5,3
Q00948,T00948,1,5,1
Q00949,T00949,0,,
Q00950,T00950,0,,
Q00951,T00951,1,,
Q00952,T00952,1,4,3
Q00953,T00953,0,,
Q00954,T00954,1,,
Q00955,T00955,1,4,0
Q00956,T00956,1,5,2
Q00957,T00957,1,,
Q00958,T00958,0,,
Q00959,T00959,1,5,4
Q00960,T00960,1,4,0
Q00961,T00961,1,,
Q00962,T00962,1,5,4
Q00963,T00963,1,,
Q00964,T00964,1,5,1
Q00965,T00965,1,4,0
Q00966,T00966,1,3,0
Q00967,T00967,1,5,2
Q00968,T00968,1,5,4
Q00969,T00969,1,5,1
Q00970,T00970,1,3,2
Q00971,T00971,1,4,2
Q00972,T00972,1,5,1
Q00973,T00973,1,4,0
Q00974,T00974,1,5,1
Q00975,T00975,1,,
Q00976,T00976,1,4,0
Q00977,T00977,1,4,1
Q00978,T00978,1,3,2
Q00979,T00979,1,4,4
Q00980,T00980,1,3,1
Q00981,T00981,1,4,2
Q00982,T00982,1,5,2
Q00983,T00983,1,,
Q00984,T00984,1,5,0
Q00985,T00985,1,,
Q00986,T00986,1,5,2
Q00987,T00987,1,4,3
Q00988,T00988,1,5,2
Q00989,T00989,1,5,3
Q00990,T00990,1,,
Q00991,T00991,1,5,4
Q00992,T00992,1,4,4
Q00993,T00993,1,5,2
Q00994,T00994,1,5,3
Q00995,T00995,1,5,4
Q00996,T00996,1,5,3
Q00997,T00997,1,4,0
Q00998,T00998,1,5,0
Q00999,T00999,1,,
Q01000,T01000,1,,
Q01001,T01001,1,3,4
Q01002,T01002,1,5,3
Q01003,T01003,1,4,2
Q01004,T01004,1,5,2
Q01005,T01005,1,5,1
Q01006,T01006,1,,
Q01007,T01007,0,,
Q01008,T01008,1,4,0
Q01009,T01009,0,,
Q01010,T01010,1,,
Q01011,T01011,0,,
Q01012,T01012,1,4,3
Q01013,T01013,1,5,3
Q01014,T01014,0,,
Q01015,T01015,1,,
Q01016,T01016,1,4,1
Q01017,T01017,1,5,3
Q01018,T01018,1,3,0
Q01019,T01019,1,4,1
Q01020,T01020,0,,
Q01021,T01021,0,,
Q01022,T01022,1,5,3
Q01023,T01023,1,5,4
Q01024,T01024,1,5,2
Q01025,T01025,1,5,1
Q01026,T01026,0,,
Q01027,T01027,1,,
Q01028,T01028,1,,
Q01029,T01029,1,5,2
Q01030,T01030,1,4,3
Q01031,T01031,1,2,1
Q01032,T01032,1,,
Q01033,T01033,0,,
Q01034,T01034,1,5,0
Q01035,T01035,1,5,2
Q01036,T01036,1,,
Q01037,T01037,0,,
Q01038,T01038,1,,
Q01039,T01039,1,4,0
Q01040,T01040,1,5,1
Q01041,T01041,0,,
Q01042,T01042,1,3,3
Q01043,T01043,1,3,3
Q01044,T01044,1,5,3
Q01045,T01045,1,4,2
Q01046,T01046,1,5,2
Q01047,T01047,1,,
Q01048,T01048,1,5,1
Q01049,T01049,1,,
Q01050,T01050,1,5,2
Q01051,T01051,1,5,0
Q01052,T01052,1,5,2
Q01053,T01053,1,5,4
Q01054,T01054,1,,
Q01055,T01055,1,5,2
Q01056,T01056,1,,
Q01057,T01057,1,5,2
Q01058,T01058,1,4,4
Q01059,T01059,1,4,1
Q01060,T01060,1,4,4
Q01061,T01061,1,5,0
Q01062,T01062,1,,
Q01063,T01063,1,,
Q01064,T01064,1,,
Q01065,T01065,1,5,1
Q01066,T01066,1,5,3
Q01067,T01067,1,4,3
Q01068,T01068,1,5,0
Q01069,T01069,1,,
Q01070,T01070,1,5,0
Q01071,T01071,1,,
Q01072,T01072,1,,
Q01073,T01073,1,4,0
Q01074,T01074,1,,
Q01075,T01075,1,,
Q01076,T01076,1,,
Q01077,T01077,1,5,0
Q01078,T01078,1,,
Q01079,T01079,1,5,0
Q01080,T01080,0,,
Q01081,T01081,1,5,1
Q01082,T01082,0,,
Q01083,T01083,0,,
Q01084,T01084,0,,
Q01085,T01085,1,5,3
Q01086,T01086,1,4,4
Q01087,T01087,1,,
Q01088,T01088,1,4,2
Q01089,T01089,1,2,3
Q01090,T01090,1,4,2
Q01091,T01091,0,,
Q01092,T01092,1,,
Q01093,T01093,1,,
Q01094,T01094,1,5,3
Q01095,T01095,1,,
Q01096,T01096,1,4,0
Q01097,T01097,1,5,0
Q01098,T01098,1,5,2
Q01099,T01099,1,5,1
Q01100,T01100,1,4,1
Q01101,T01101,1,3,0
Q01102,T01102,0,,
Q01103,T01103,1,5,3
Q01104,T01104,1,,
Q01105,T01105,1,,
Q01106,T01106,1,4,0
Q01107,T01107,1,,
Q01108,T01108,1,5,0
Q01109,T01109,1,,
Q01110,T01110,1,,
Q01111,T01111,1,5,2
Q01112,T01112,1,,
Q01113,T01113,1,,
Q01114,T01114,1,5,3
Q01115,T01115,1,5,0
Q01116,T01116,0,,
Q01117,T01117,1,3,2
Q01118,T01118,1,5,2
Q01119,T01119,1,4,0
Q01120,T01120,1,5,2
Q01121,T01121,1,5,0
Q01122,T01122,0,,
Q01123,T01123,1,4,0
Q01124,T01124,0,,
Q01125,T01125,1,,
Q01126,T01126,1,5,1
Q01127,T01127,1,5,2
Q01128,T01128,1,2,4
Q01129,T01129,1,5,2
Q01130,T01130,1,5,3
Q01131,T01131,0,,
Q01132,T01132,1,4,3
Q01133,T01133,0,,
Q01134,T01134,1,,
Q01135,T01135,1,,
Q01136,T01136,1,4,4
Q01137,T01137,1,,
Q01138,T01138,1,5,4
Q01139,T01139,1,,
Q01140,T01140,1,5,3
Q01141,T01141,1,3,1
Q01142,T01142,1,4,2
Q01143,T01143,1,,
Q01144,T01144,1,4,3
Q01145,T01145,1,5,3
Q01146,T01146,1,5,3
Q01147,T01147,1,5,4
Q01148,T01148,1,5,3
Q01149,T01149,1,5,1
Q01150,T01150,1,5,2
Q01151,T01151,1,5,2
Q01152,T01152,1,5,4
Q01153,T01153,1,,
Q01154,T01154,1,5,1
Q01155,T01155,1,,
Q01156,T01156,1,5,3
Q01157,T01157,1,4,1
Q01158,T01158,1,3,4
Q01159,T01159,0,,
Q01160,T01160,1,5,4
Q01161,T01161,0,,
Q01162,T01162,1,,
Q01163,T01163,0,,
Q01164,T01164,1,3,1
Q01165,T01165,1,5,0
Q01166,T01166,1,5,2
Q01167,T01167,1,4,4
Q01168,T01168,1,4,0
Q01169,T01169,1,5,3
Q01170,T01170,1,4,1
Q01171,T01171,1,3,4
Q01172,T01172,1,,
Q01173,T01173,1,,
Q01174,T01174,1,5,2
Q01175,T01175,1,4,2
Q01176,T01176,1,1,4
Q01177,T01177,0,,
Q01178,T01178,1,,
Q01179,T01179,1,,
Q01180,T01180,1,4,2
Q01181,T01181,1,4,1
Q01182,T01182,1,5,3
Q01183,T01183,1,4,4
Q01184,T01184,1,,
Q01185,T01185,1,5,1
Q01186,T01186,1,4,3
Q01187,T01187,1,5,2
Q01188,T01188,1,5,2
Q01189,T01189,1,,
Q01190,T01190,1,5,1
Q01191,T01191,1,,
Q01192,T01192,1,5,4
Q01193,T01193,1,,
Q01194,T01194,1,,
Q01195,T01195,1,5,3
Q01196,T01196,1,5,3
Q01197,T01197,1,5,0
Q01198,T01198,1,5,3
Q01199,T01199,1,,
Q01200,T01200,1,3,0
Q01201,T01201,1,,
Q01202,T01202,1,,
Q01203,T01203,1,5,1
Q01204,T01204,1,4,2
Q01205,T01205,1,4,2
Q01206,T01206,1,,
Q01207,T01207,1,5,2
Q01208,T01208,1,,
Q01209,T01209,1,3,2
Q01210,T01210,1,4,1
Q01211,T01211,1,4,0
Q01212,T01212,1,4,4
Q01213,T01213,0,,
Q01214,T01214,1,,
Q01215,T01215,1,5,4
Q01216,T01216,1,2,3
Q01217,T01217,1,,
Q01218,T01218,1,5,3
Q01219,T01219,1,5,1
Q01220,T01220,1,5,3
Q01221,T01221,1,4,3
Q01222,T01222,1,,
Q01223,T01223,1,4,3
Q01224,T01224,1,4,0
Q01225,T01225,1,,
Q01226,T01226,1,,
Q01227,T01227,0,,
Q01228,T01228,1,,
Q01229,T01229,1,,
Q01230,T01230,1,4,4
Q01231,T01231,1,,
Q01232,T01232,1,5,1
Q01233,T01233,1,5,1
Q01234,T01234,1,,
Q01235,T01235,1,5,0
Q01236,T01236,1,4,0
Q01237,T01237,1,,
Q01238,T01238,1,,
Q01239,T01239,1,3,3
Q01240,T01240,1,,
Q01241,T01241,1,5,2
Q01242,T01242,1,4,4
Q01243,T01243,1,5,0
Q01244,T01244,1,5,4
Q01245,T01245,1,5,4
Q01246,T01246,1,4,3
Q01247,T01247,1,,
Q01248,T01248,1,5,4
Q01249,T01249,1,,
Q01250,T01250,1,4,0
Q01251,T01251,1,5,4
Q01252,T01252,1,5,4
Q01253,T01253,1,5,3
Q01254,T01254,1,3,2
Q01255,T01255,1,,
Q01256,T01256,1,3,1
Q01257,T01257,1,,
Q01258,T01258,1,,
Q01259,T01259,1,5,1
Q01260,T01260,1,5,4
Q01261,T01261,1,5,0
Q01262,T01262,1,,
Q01263,T01263,1,,
Q01264,T01264,1,,
Q01265,T01265,1,,
Q01266,T01266,1,,
Q01267,T01267,1,5,3
Q01268,T01268,1,5,4
Q01269,T01269,1,5,3
Q01270,T01270,1,,
Q01271,T01271,1,,
Q01272,T01272,1,5,3
Q01273,T01273,1,5,2
Q01274,T01274,1,,
Q01275,T01275,1,,
Q01276,T01276,1,4,3
Q01277,T01277,1,4,0
Q01278,T01278,1,4,1
Q01279,T01279,1,,
Q01280,T01280,1,3,0
Q01281,T01281,1,4,4
Q01282,T01282,1,,
Q01283,T01283,1,5,4
Q01284,T01284,0,,
Q01285,T01285,1,,
Q01286,T01286,1,,
Q01287,T01287,1,,
Q01288,T01288,1,,
Q01289,T01289,0,,
Q01290,T01290,1,5,4
Q01291,T01291,1,,
Q01292,T01292,1,5,1
Q01293,T01293,1,5,3
Q01294,T01294,1,3,1
Q01295,T01295,1,5,0
Q01296,T01296,0,,
Q01297,T01297,1,5,3
Q01298,T01298,1,4,4
Q01299,T01299,1,,
Q01300,T01300,1,,
Q01301,T01301,0,,
Q01302,T01302,1,5,4
Q01303,T01303,1,5,4
Q01304,T01304,1,5,4
Q01305,T01305,0,,
Q01306,T01306,1,5,1
Q01307,T01307,1,,
Q01308,T01308,1,5,3
Q01309,T01309,1,,
Q01310,T01310,1,5,2
Q01311,T01311,1,,
Q01312,T01312,1,4,3
Q01313,T01313,1,5,0
Q01314,T01314,1,,
Q01315,T01315,1,,
Q01316,T01316,1,,
Q01317,T01317,1,,
Q01318,T01318,1,5,3
Q01319,T01319,1,,
Q01320,T01320,1,5,2
Q01321,T01321,1,5,2
Q01322,T01322,1,,
Q01323,T01323,1,4,1
Q01324,T01324,1,,
Q01325,T01325,1,,
Q01326,T01326,1,,
Q01327,T01327,1,,
Q01328,T01328,0,,
Q01329,T01329,0,,
Q01330,T01330,1,,
Q01331,T01331,1,,
Q01332,T01332,1,5,2
Q01333,T01333,1,,
Q01334,T01334,1,5,2
Q01335,T01335,1,4,1
Q01336,T01336,1,,
Q01337,T01337,1,2,0
Q01338,T01338,1,2,3
Q01339,T01339,1,5,4
Q01340,T01340,0,,
Q01341,T01341,1,5,3
Q01342,T01342,1,,
Q01343,T01343,1,5,3
Q01344,T01344,1,2,4
Q01345,T01345,1,5,2
Q01346,T01346,1,3,2
Q01347,T01347,1,4,2
Q01348,T01348,1,,
Q01349,T01349,1,3,2
Q01350,T01350,1,,
Q01351,T01351,1,5,2
Q01352,T01352,1,4,2
Q01353,T01353,1,,
Q01354,T01354,1,5,0
Q01355,T01355,1,5,1
Q01356,T01356,1,,
Q01357,T01357,1,,
Q01358,T01358,1,5,3
Q01359,T01359,1,5,4
Q01360,T01360,1,,
Q01361,T01361,0,,
Q01362,T01362,1,5,1
Q01363,T01363,1,4,3
Q01364,T01364,1,5,0
Q01365,T01365,0,,
Q01366,T01366,1,,
Q01367,T01367,1,,
Q01368,T01368,1,5,1
Q01369,T01369,1,1,3
Q01370,T01370,1,3,0
Q01371,T01371,1,3,0
Q01372,T01372,1,5,3
Q01373,T01373,1,,
Q01374,T01374,1,,
Q01375,T01375,1,,
Q01376,T01376,1,3,0
Q01377,T01377,1,4,1
Q01378,T01378,1,4,1
Q01379,T01379,1,,
Q01380,T01380,0,,
Q01381,T01381,1,5,3
Q01382,T01382,1,5,1
Q01383,T01383,1,,
Q01384,T01384,1,3,1
Q01385,T01385,1,4,4
Q01386,T01386,0,,
Q01387,T01387,1,5,0
Q01388,T01388,1,5,1
Q01389,T01389,1,4,1
Q01390,T01390,1,5,3
Q01391,T01391,1,5,4
Q01392,T01392,1,,
Q01393,T01393,1,5,2
Q01394,T01394,0,,
Q01395,T01395,1,5,4
Q01396,T01396,1,4,4
Q01397,T01397,1,5,4
Q01398,T01398,1,5,3
Q01399,T01399,0,,
Q01400,T01400,1,,
Q01401,T01401,1,,
Q01402,T01402,1,5,4
Q01403,T01403,1,5,1
Q01404,T01404,1,,
Q01405,T01405,1,5,2
Q01406,T01406,1,,
Q01407,T01407,1,5,1
Q01408,T01408,1,3,3
Q01409,T01409,1,5,2
Q01410,T01410,1,4,2
Q01411,T01411,1,5,4
Q01412,T01412,1,3,3
Q01413,T01413,1,,
Q01414,T01414,1,5,3
Q01415,T01415,0,,
Q01416,T01416,1,,
Q01417,T01417,1,5,3
Q01418,T01418,1,5,2
Q01419,T01419,1,5,4
Q01420,T01420,1,,
Q01421,T01421,1,5,4
Q01422,T01422,1,5,3
Q01423,T01423,1,4,2
Q01424,T01424,1,5,0
Q01425,T01425,1,4,2
Q01426,T01426,1,5,3
Q01427,T01427,1,4,0
Q01428,T01428,1,4,1
Q01429,T01429,1,4,3
Q01430,T01430,1,5,3
Q01431,T01431,1,5,3
Q01432,T01432,1,,
Q01433,T01433,0,,
Q01434,T01434,1,5,0
Q01435,T01435,1,4,0
Q01436,T01436,1,,
Q01437,T01437,1,,
Q01438,T01438,1,5,3
Q01439,T01439,1,5,4
Q01440,T01440,1,,
Q01441,T01441,1,,
Q01442,T01442,1,5,2
Q01443,T01443,1,,
Q01444,T01444,1,5,1
Q01445,T01445,1,5,1
Q01446,T01446,0,,
Q01447,T01447,1,5,0
Q01448,T01448,1,3,3
Q01449,T01449,1,5,4
Q01450,T01450,1,,
Q01451,T01451,1,5,0
Q01452,T01452,1,5,2
Q01453,T01453,1,3,4
Q01454,T01454,0,,
Q01455,T01455,1,5,0
Q01456,T01456,0,,
Q01457,T01457,1,,
Q01458,T01458,1,3,3
Q01459,T01459,1,,
Q01460,T01460,1,5,0
Q01461,T01461,1,,
Q01462,T01462,1,4,0
Q01463,T01463,1,5,3
Q01464,T01464,0,,
Q01465,T01465,1,,
Q01466,T01466,1,4,0
Q01467,T01467,1,,
Q01468,T01468,1,3,0
Q01469,T01469,1,5,2
Q01470,T01470,1,,
Q01471,T01471,1,,
Q01472,T01472,0,,
Q01473,T01473,1,,
Q01474,T01474,1,5,4
Q01475,T01475,1,4,1
Q01476,T01476,1,,
Q01477,T01477,1,,
Q01478,T01478,0,,
Q01479,T01479,1,5,3
Q01480,T01480,1,,
Q01481,T01481,1,,
Q01482,T01482,1,,
Q01483,T01483,1,,
Q01484,T01484,1,5,3
Q01485,T01485,1,5,4
Q01486,T01486,1,5,1
Q01487,T01487,1,,
Q01488,T01488,1,5,1
Q01489,T01489,1,5,4
Q01490,T01490,1,4,1
Q01491,T01491,1,,
Q01492,T01492,0,,
Q01493,T01493,1,,
Q01494,T01494,1,,
Q01495,T01495,1,4,1
Q01496,T01496,1,5,0
Q01497,T01497,1,5,2
Q01498,T01498,1,5,1
Q01499,T01499,1,5,4
Q01500,T01500,1,,
Q01501,T01501,1,5,0
Q01502,T01502,1,4,3
Q01503,T01503,1,,
Q01504,T01504,1,,
Q01505,T01505,1,5,3
Q01506,T01506,1,5,2
Q01507,T01507,1,,
Q01508,T01508,1,,
Q01509,T01509,1,5,3
Q01510,T01510,1,5,4
Q01511,T01511,1,,
Q01512,T01512,0,,
Q01513,T01513,1,5,3
Q01514,T01514,1,,
Q01515,T01515,1,4,0
Q01516,T01516,1,,
Q01517,T01517,0,,
Q01518,T01518,1,4,3
Q01519,T01519,1,5,1
Q01520,T01520,1,,
Q01521,T01521,1,4,2
Q01522,T01522,1,4,2
Q01523,T01523,1,5,2
Q01524,T01524,0,,
Q01525,T01525,1,4,4
Q01526,T01526,1,4,0
Q01527,T01527,1,5,3
Q01528,T01528,1,,
Q01529,T01529,1,5,4
Q01530,T01530,1,4,0
Q01531,T01531,1,,
Q01532,T01532,1,,
Q01533,T01533,1,4,3
Q01534,T01534,1,,
Q01535,T01535,1,,
Q01536,T01536,1,4,0
Q01537,T01537,1,,
Q01538,T01538,1,5,4
Q01539,T01539,0,,
Q01540,T01540,1,,
Q01541,T01541,1,,
Q01542,T01542,1,4,0
Q01543,T01543,0,,
Q01544,T01544,1,5,2
Q01545,T01545,0,,
Q01546,T01546,0,,
Q01547,T01547,1,5,4
Q01548,T01548,0,,
Q01549,T01549,1,4,3
Q01550,T01550,0,,
Q01551,T01551,1,2,1
Q01552,T01552,1,,
Q01553,T01553,1,4,0
Q01554,T01554,1,4,0
Q01555,T01555,1,5,2
Q01556,T01556,0,,
Q01557,T01557,1,4,0
Q01558,T01558,1,,
Q01559,T01559,1,3,3
Q01560,T01560,1,5,0
Q01561,T01561,1,5,0
Q01562,T01562,1,4,4
Q01563,T01563,1,4,0
Q01564,T01564,1,5,3
Q01565,T01565,1,,
Q01566,T01566,1,,
Q01567,T01567,1,5,0
Q01568,T01568,0,,
Q01569,T01569,1,,
Q01570,T01570,0,,
Q01571,T01571,1,5,2
Q01572,T01572,1,,
Q01573,T01573,0,,
Q01574,T01574,1,5,2
Q01575,T01575,1,5,1
Q01576,T01576,1,,
Q01577,T01577,1,5,0
Q01578,T01578,1,,
Q01579,T01579,1,4,3
Q01580,T01580,1,5,4
Q01581,T01581,1,5,0
Q01582,T01582,1,5,3
Q01583,T01583,1,5,4
Q01584,T01584,1,2,3
Q01585,T01585,1,5,3
Q01586,T01586,1,4,4
Q01587,T01587,1,,
Q01588,T01588,1,,
Q01589,T01589,1,5,2
Q01590,T01590,1,,
Q01591,T01591,1,5,1
Q01592,T01592,1,,
Q01593,T01593,1,,
Q01594,T01594,1,4,1
Q01595,T01595,1,,
Q01596,T01596,1,5,1
Q01597,T01597,1,,
Q01598,T01598,1,4,3
Q01599,T01599,1,,
Q01600,T01600,1,5,2
Q01601,T01601,1,5,4
Q01602,T01602,1,,
Q01603,T01603,1,,
Q01604,T01604,1,3,3
Q01605,T01605,1,5,0
Q01606,T01606,0,,
Q01607,T01607,1,,
Q01608,T01608,0,,
Q01609,T01609,1,,
Q01610,T01610,1,5,0
Q01611,T01611,1,,
Q01612,T01612,1,5,1
Q01613,T01613,0,,
Q01614,T01614,0,,
Q01615,T01615,1,5,3
Q01616,T01616,1,5,3
Q01617,T01617,0,,
Q01618,T01618,1,5,1
Q01619,T01619,1,,
Q01620,T01620,1,5,0
Q01621,T01621,1,5,4
Q01622,T01622,1,4,2
Q01623,T01623,1,,
Q01624,T01624,1,,
Q01625,T01625,1,4,2
Q01626,T01626,1,4,2
Q01627,T01627,1,4,1
Q01628,T01628,1,5,3
Q01629,T01629,1,,
Q01630,T01630,1,4,1
Q01631,T01631,1,5,4
Q01632,T01632,1,,
Q01633,T01633,1,5,2
Q01634,T01634,1,5,0
Q01635,T01635,1,5,3
Q01636,T01636,1,5,0
Q01637,T01637,1,5,0
Q01638,T01638,1,5,4
Q01639,T01639,1,,
Q01640,T01640,0,,
Q01641,T01641,1,,
Q01642,T01642,1,5,1
Q01643,T01643,1,,
Q01644,T01644,1,4,4
Q01645,T01645,1,5,0
Q01646,T01646,1,5,1
Q01647,T01647,1,5,1
Q01648,T01648,1,5,1
Q01649,T01649,1,5,3
Q01650,T01650,1,,
Q01651,T01651,1,,
Q01652,T01652,1,,
Q01653,T01653,1,4,3
Q01654,T01654,0,,
Q01655,T01655,1,4,4
Q01656,T01656,0,,
Q01657,T01657,1,5,2
Q01658,T01658,1,,
Q01659,T01659,1,4,1
Q01660,T01660,1,,
Q01661,T01661,1,,
Q01662,T01662,1,5,4
Q01663,T01663,1,4,1
Q01664,T01664,1,5,2
Q01665,T01665,1,4,0
Q01666,T01666,1,5,0
Q01667,T01667,0,,
Q01668,T01668,1,5,4
Q01669,T01669,1,,
Q01670,T01670,1,5,0
Q01671,T01671,1,5,0
Q01672,T01672,0,,
Q01673,T01673,1,5,0
Q01674,T01674,1,5,4
Q01675,T01675,1,,
Q01676,T01676,1,5,2
Q01677,T01677,1,5,4
Q01678,T01678,1,,
Q01679,T01679,1,5,1
Q01680,T01680,1,5,0
Q01681,T01681,1,4,4
Q01682,T01682,1,4,4
Q01683,T01683,1,4,3
Q01684,T01684,1,,
Q01685,T01685,1,5,1
Q01686,T01686,1,4,0
Q01687,T01687,1,5,3
Q01688,T01688,1,5,4
Q01689,T01689,1,5,1
Q01690,T01690,0,,
Q01691,T01691,1,5,3
Q01692,T01692,0,,
Q01693,T01693,1,5,2
Q01694,T01694,1,,
Q01695,T01695,1,5,3
Q01696,T01696,1,,
Q01697,T01697,0,,
Q01698,T01698,1,4,4
Q01699,T01699,1,5,2
Q01700,T01700,1,2,0
Q01701,T01701,1,5,2
Q01702,T01702,1,4,4
Q01703,T01703,1,5,3
Q01704,T01704,1,5,4
Q01705,T01705,1,5,4
Q01706,T01706,1,5,0
Q01707,T01707,0,,
Q01708,T01708,1,,
Q01709,T01709,1,,
Q01710,T01710,1,,
Q01711,T01711,1,,
Q01712,T01712,1,5,4
Q01713,T01713,1,3,3
Q01714,T01714,1,,
Q01715,T01715,1,5,3
Q01716,T01716,1,5,4
Q01717,T01717,1,3,3
Q01718,T01718,0,,
Q01719,T01719,1,5,0
Q01720,T01720,1,,
Q01721,T01721,1,4,3
Q01722,T01722,1,4,0
Q01723,T01723,1,5,2
Q01724,T01724,1,5,1
Q01725,T01725,1,,
Q01726,T01726,1,,
Q01727,T01727,0,,
Q01728,T01728,0,,
Q01729,T01729,0,,
Q01730,T01730,1,,
Q01731,T01731,1,,
Q01732,T01732,1,4,4
Q01733,T01733,1,5,2
Q01734,T01734,1,3,4
Q01735,T01735,1,5,3
Q01736,T01736,1,5,3
Q01737,T01737,1,5,2
Q01738,T01738,1,5,3
Q01739,T01739,1,,
Q01740,T01740,1,5,2
Q01741,T01741,1,4,3
Q01742,T01742,1,5,3
Q01743,T01743,1,5,2
Q01744,T01744,1,5,0
Q01745,T01745,1,,
Q01746,T01746,1,3,0
Q01747,T01747,1,4,0
Q01748,T01748,1,4,1
Q01749,T01749,1,5,2
Q01750,T01750,1,5,0
Q01751,T01751,1,5,2
Q01752,T01752,1,5,2
Q01753,T01753,1,4,4
Q01754,T01754,0,,
Q01755,T01755,1,4,2
Q01756,T01756,1,5,3
Q01757,T01757,1,3,0
Q01758,T01758,1,,
Q01759,T01759,1,2,2
Q01760,T01760,1,4,4
Q01761,T01761,1,5,1
Q01762,T01762,1,5,0
Q01763,T01763,1,,
Q01764,T01764,1,4,2
Q01765,T01765,1,,
Q01766,T01766,1,5,0
Q01767,T01767,1,5,0
Q01768,T01768,1,4,1
Q01769,T01769,1,,
Q01770,T01770,1,,
Q01771,T01771,1,,
Q01772,T01772,1,4,1
Q01773,T01773,1,4,0
Q01774,T01774,1,,
Q01775,T01775,0,,
Q01776,T01776,1,5,4
Q01777,T01777,1,5,0
Q01778,T01778,1,5,1
Q01779,T01779,1,,
Q01780,T01780,0,,
Q01781,T01781,0,,
Q01782,T01782,0,,
Q01783,T01783,1,5,0
Q01784,T01784,1,3,0
Q01785,T01785,1,,
Q01786,T01786,1,5,4
Q01787,T01787,1,5,3
Q01788,T01788,1,5,0
Q01789,T01789,1,,
Q01790,T01790,1,5,2
Q01791,T01791,1,,
Q01792,T01792,1,5,4
Q01793,T01793,1,5,2
Q01794,T01794,0,,
Q01795,T01795,1,,
Q01796,T01796,1,3,1
Q01797,T01797,1,2,3
Q01798,T01798,1,5,1
Q01799,T01799,1,5,1
Q01800,T01800,1,5,3
Q01801,T01801,1,,
Q01802,T01802,1,,
Q01803,T01803,1,3,3
Q01804,T01804,1,4,4
Q01805,T01805,1,5,4
Q01806,T01806,1,5,4
Q01807,T01807,1,,
Q01808,T01808,1,4,0
Q01809,T01809,1,5,4
Q01810,T01810,1,4,1
Q01811,T01811,1,4,3
Q01812,T01812,1,5,4
Q01813,T01813,1,4,0
Q01814,T01814,1,5,3
Q01815,T01815,1,5,2
Q01816,T01816,1,3,1
Q01817,T01817,1,4,0
Q01818,T01818,1,4,3
Q01819,T01819,1,4,1
Q01820,T01820,1,,
Q01821,T01821,1,4,1
Q01822,T01822,1,4,3
Q01823,T01823,1,,
Q01824,T01824,1,4,4
Q01825,T01825,1,,
Q01826,T01826,1,,
Q01827,T01827,1,5,0
Q01828,T01828,1,,
Q01829,T01829,0,,
Q01830,T01830,1,5,2
Q01831,T01831,1,5,1
Q01832,T01832,1,,
Q01833,T01833,1,,
Q01834,T01834,1,,
Q01835,T01835,1,,
Q01836,T01836,1,5,0
Q01837,T01837,0,,
Q01838,T01838,1,,
Q01839,T01839,1,4,1
Q01840,T01840,1,5,1
Q01841,T01841,1,,
Q01842,T01842,1,4,1
Q01843,T01843,1,5,2
Q01844,T01844,1,,
Q01845,T01845,1,,
Q01846,T01846,1,,
Q01847,T01847,0,,
Q01848,T01848,1,,
Q01849,T01849,1,,
Q01850,T01850,1,4,1
Q01851,T01851,1,5,4
Q01852,T01852,1,5,1
Q01853,T01853,1,2,4
Q01854,T01854,1,5,0
Q01855,T01855,1,5,4
Q01856,T01856,0,,
Q01857,T01857,1,,
Q01858,T01858,1,3,4
Q01859,T01859,1,3,0
Q01860,T01860,1,4,2
Q01861,T01861,1,3,4
Q01862,T01862,1,4,2
Q01863,T01863,1,5,0
Q01864,T01864,1,5,3
Q01865,T01865,1,5,0
Q01866,T01866,1,,
Q01867,T01867,1,5,1
Q01868,T01868,1,3,4
Q01869,T01869,1,5,0
Q01870,T01870,1,,
Q01871,T01871,1,4,1
Q01872,T01872,1,3,4
Q01873,T01873,1,4,0
Q01874,T01874,0,,
Q01875,T01875,1,3,3
Q01876,T01876,1,4,4
Q01877,T01877,1,5,1
Q01878,T01878,1,5,2
Q01879,T01879,1,,
Q01880,T01880,1,4,3
Q01881,T01881,1,,
Q01882,T01882,1,,
Q01883,T01883,1,4,1
Q01884,T01884,1,5,2
Q01885,T01885,1,,
Q01886,T01886,1,3,4
Q01887,T01887,1,5,3
Q01888,T01888,1,3,0
Q01889,T01889,1,5,1
Q01890,T01890,1,5,0
Q01891,T01891,1,,
Q01892,T01892,1,5,2
Q01893,T01893,1,5,4
Q01894,T01894,0,,
Q01895,T01895,1,,
Q01896,T01896,0,,
Q01897,T01897,1,5,3
Q01898,T01898,1,,
Q01899,T01899,1,,
Q01900,T01900,0,,
Q01901,T01901,1,5,3
Q01902,T01902,1,,
Q01903,T01903,1,5,4
Q01904,T01904,0,,
Q01905,T01905,1,5,3
Q01906,T01906,1,,
Q01907,T01907,1,,
Q01908,T01908,1,5,3
Q01909,T01909,1,4,1
Q01910,T01910,0,,
Q01911,T01911,1,3,1
Q01912,T01912,1,,
Q01913,T01913,0,,
Q01914,T01914,1,,
Q01915,T01915,1,,
Q01916,T01916,1,5,4
Q01917,T01917,1,4,4
Q01918,T01918,1,5,3
Q01919,T01919,1,5,3
Q01920,T01920,1,,
Q01921,T01921,1,5,2
Q01922,T01922,1,4,4
Q01923,T01923,1,5,3
Q01924,T01924,1,4,1
Q01925,T01925,1,4,0
Q01926,T01926,0,,
Q01927,T01927,0,,
Q01928,T01928,1,,
Q01929,T01929,1,5,2
Q01930,T01930,1,,
Q01931,T01931,1,3,3
Q01932,T01932,0,,
Q01933,T01933,1,,
Q01934,T01934,1,,
Q01935,T01935,0,,
Q01936,T01936,0,,
Q01937,T01937,1,5,3
Q01938,T01938,1,,
Q01939,T01939,1,3,0
Q01940,T01940,1,4,4
Q01941,T01941,1,,
Q01942,T01942,1,,
Q01943,T01943,1,,
Q01944,T01944,1,5,4
Q01945,T01945,1,,
Q01946,T01946,1,4,3
Q01947,T01947,1,,
Q01948,T01948,0,,
Q01949,T01949,1,3,0
Q01950,T01950,1,5,4
Q01951,T01951,0,,
Q01952,T01952,1,,
Q01953,T01953,1,5,2
Q01954,T01954,1,3,2
Q01955,T01955,1,5,4
Q01956,T01956,0,,
Q01957,T01957,0,,
Q01958,T01958,1,5,2
Q01959,T01959,1,4,0
Q01960,T01960,1,5,1
Q01961,T01961,1,,
Q01962,T01962,1,4,0
Q01963,T01963,1,,
Q01964,T01964,1,5,2
Q01965,T01965,0,,
Q01966,T01966,1,4,3
Q01967,T01967,1,5,0
Q01968,T01968,1,5,0
Q01969,T01969,1,5,2
Q01970,T01970,1,4,2
Q01971,T01971,1,5,1
Q01972,T01972,1,5,1
Q01973,T01973,1,3,3
Q01974,T01974,0,,
Q01975,T01975,1,4,3
Q01976,T01976,1,5,3
Q01977,T01977,1,4,4
Q01978,T01978,1,,
Q01979,T01979,1,,
Q01980,T01980,1,5,4
Q01981,T01981,1,5,4
Q01982,T01982,1,,
Q01983,T01983,1,5,1
Q01984,T01984,1,,
Q01985,T01985,1,5,4
Q01986,T01986,1,4,3
Q01987,T01987,0,,
Q01988,T01988,1,5,1
Q01989,T01989,1,5,2
Q01990,T01990,1,5,4
Q01991,T01991,0,,
Q01992,T01992,1,5,0
Q01993,T01993,1,3,2
Q01994,T01994,1,5,0
Q01995,T01995,1,5,1
Q01996,T01996,1,5,2
Q01997,T01997,1,,
Q01998,T01998,1,4,4
Q01999,T01999,1,4,4
Q02000,T02000,1,5,3
Q02001,T02001,1,5,2
Q02002,T02002,1,5,3
Q02003,T02003,1,5,3
Q02004,T02004,1,5,0
Q02005,T02005,1,,
Q02006,T02006,1,,
Q02007,T02007,1,,
Q02008,T02008,1,5,1
Q02009,T02009,1,,
Q02010,T02010,1,5,4
Q02011,T02011,1,4,2
Q02012,T02012,1,4,2
Q02013,T02013,1,,
Q02014,T02014,1,,
Q02015,T02015,1,,
Q02016,T02016,0,,
Q02017,T02017,0,,
Q02018,T02018,1,,
Q02019,T02019,0,,
Q02020,T02020,1,5,0
Q02021,T02021,1,5,0
Q02022,T02022,1,,
Q02023,T02023,1,4,1
Q02024,T02024,1,,
Q02025,T02025,1,,
Q02026,T02026,1,,
Q02027,T02027,1,5,3
Q02028,T02028,0,,
Q02029,T02029,1,3,2
Q02030,T02030,1,5,2
Q02031,T02031,1,5,0
Q02032,T02032,1,3,1
Q02033,T02033,1,5,4
Q02034,T02034,1,4,3
Q02035,T02035,1,,
Q02036,T02036,1,4,2
Q02037,T02037,1,5,3
Q02038,T02038,0,,
Q02039,T02039,1,4,3
Q02040,T02040,0,,
Q02041,T02041,1,5,4
Q02042,T02042,0,,
Q02043,T02043,1,4,4
Q02044,T02044,1,5,0
Q02045,T02045,1,4,2
Q02046,T02046,1,,
Q02047,T02047,1,,
Q02048,T02048,1,5,0
Q02049,T02049,1,,
Q02050,T02050,1,5,3
Q02051,T02051,1,5,3
Q02052,T02052,0,,
Q02053,T02053,1,,
Q02054,T02054,1,4,1
Q02055,T02055,0,,
Q02056,T02056,1,5,4
Q02057,T02057,1,5,4
Q02058,T02058,1,3,1
Q02059,T02059,1,4,4
Q02060,T02060,1,4,2
Q02061,T02061,1,,
Q02062,T02062,1,4,1
Q02063,T02063,0,,
Q02064,T02064,1,4,0
Q02065,T02065,1,3,3
Q02066,T02066,1,4,2
Q02067,T02067,1,5,0
Q02068,T02068,1,4,2
Q02069,T02069,1,,
Q02070,T02070,1,5,3
Q02071,T02071,1,5,2
Q02072,T02072,1,,
Q02073,T02073,1,4,4
Q02074,T02074,1,,
Q02075,T02075,0,,
Q02076,T02076,0,,
Q02077,T02077,1,5,4
Q02078,T02078,0,,
Q02079,T02079,1,,
Q02080,T02080,1,4,3
Q02081,T02081,1,5,0
Q02082,T02082,1,3,4
Q02083,T02083,1,5,4
Q02084,T02084,1,5,1
Q02085,T02085,1,,
Q02086,T02086,1,5,4
Q02087,T02087,1,5,2
Q02088,T02088,1,4,2
Q02089,T02089,1,,
Q02090,T02090,1,5,0
Q02091,T02091,1,5,4
Q02092,T02092,1,4,1
Q02093,T02093,1,4,2
Q02094,T02094,1,5,1
Q02095,T02095,1,5,3
Q02096,T02096,0,,
Q02097,T02097,0,,
Q02098,T02098,1,5,1
Q02099,T02099,1,,
Q02100,T02100,1,,
Q02101,T02101,1,,
Q02102,T02102,1,,
Q02103,T02103,1,5,1
Q02104,T02104,0,,
Q02105,T02105,1,,
Q02106,T02106,1,4,2
Q02107,T02107,1,2,0
Q02108,T02108,1,4,2
Q02109,T02109,1,,
Q02110,T02110,1,5,4
Q02111,T02111,1,,
Q02112,T02112,1,4,4
Q02113,T02113,1,,
Q02114,T02114,1,5,3
Q02115,T02115,1,,
Q02116,T02116,1,5,0
Q02117,T02117,1,,
Q02118,T02118,1,4,3
Q02119,T02119,1,5,4
Q02120,T02120,1,,
Q02121,T02121,1,,
Q02122,T02122,1,5,1
Q02123,T02123,1,,
Q02124,T02124,1,,
Q02125,T02125,1,,
Q02126,T02126,1,5,0
Q02127,T02127,1,5,2
Q02128,T02128,1,3,1
Q02129,T02129,1,3,0
Q02130,T02130,0,,
Q02131,T02131,1,,
Q02132,T02132,1,3,2
Q02133,T02133,0,,
Q02134,T02134,1,5,2
Q02135,T02135,1,5,3
Q02136,T02136,0,,
Q02137,T02137,1,,
Q02138,T02138,0,,
Q02139,T02139,1,5,0
Q02140,T02140,1,4,3
Q02141,T02141,1,3,3
Q02142,T02142,1,,
Q02143,T02143,1,3,4
Q02144,T02144,1,3,0
Q02145,T02145,1,5,2
Q02146,T02146,1,4,3
Q02147,T02147,1,5,2
Q02148,T02148,1,5,2
Q02149,T02149,1,5,2
Q02150,T02150,0,,
Q02151,T02151,1,,
Q02152,T02152,1,,
Q02153,T02153,1,,
Q02154,T02154,1,,
Q02155,T02155,1,5,2
Q02156,T02156,1,,
Q02157,T02157,1,,
Q02158,T02158,1,5,1
Q02159,T02159,1,3,1
Q02160,T02160,1,4,0
Q02161,T02161,1,3,4
Q02162,T02162,1,,
Q02163,T02163,1,,
Q02164,T02164,1,4,2
Q02165,T02165,1,,
Q02166,T02166,1,5,4
Q02167,T02167,0,,
Q02168,T02168,1,,
Q02169,T02169,1,5,3
Q02170,T02170,1,,
Q02171,T02171,1,5,0
Q02172,T02172,1,5,2
Q02173,T02173,1,5,2
Q02174,T02174,1,,
Q02175,T02175,1,5,2
Q02176,T02176,1,5,3
Q02177,T02177,1,5,0
Q02178,T02178,1,3,3
Q02179,T02179,1,4,2
Q02180,T02180,1,,
Q02181,T02181,1,4,4
Q02182,T02182,1,5,0
Q02183,T02183,1,4,2
Q02184,T02184,1,5,0
Q02185,T02185,1,5,0
Q02186,T02186,1,5,4
Q02187,T02187,1,5,0
Q02188,T02188,1,,
Q02189,T02189,1,5,2
Q02190,T02190,1,4,2
Q02191,T02191,1,,
Q02192,T02192,1,4,3
Q02193,T02193,1,4,4
Q02194,T02194,0,,
Q02195,T02195,1,5,0
Q02196,T02196,0,,
Q02197,T02197,1,,
Q02198,T02198,1,4,2
Q02199,T02199,0,,
Q02200,T02200,1,5,1
Q02201,T02201,0,,
Q02202,T02202,1,5,0
Q02203,T02203,1,,
Q02204,T02204,0,,
Q02205,T02205,1,5,0
Q02206,T02206,1,5,1
Q02207,T02207,1,5,4
Q02208,T02208,1,5,1
Q02209,T02209,1,5,0
Q02210,T02210,1,2,4
Q02211,T02211,1,,
Q02212,T02212,1,,
Q02213,T02213,1,4,4
Q02214,T02214,1,,
Q02215,T02215,1,5,0
Q02216,T02216,1,5,4
Q02217,T02217,1,5,3
Q02218,T02218,1,3,0
Q02219,T02219,1,5,1
Q02220,T02220,1,4,3
Q02221,T02221,1,4,3
Q02222,T02222,1,,
Q02223,T02223,1,3,4
Q02224,T02224,1,5,3
Q02225,T02225,1,,
Q02226,T02226,1,4,2
Q02227,T02227,1,5,1
Q02228,T02228,1,5,0
Q02229,T02229,1,,
Q02230,T02230,1,,
Q02231,T02231,1,,
Q02232,T02232,1,5,3
Q02233,T02233,1,,
Q02234,T02234,1,,
Q02235,T02235,1,5,1
Q02236,T02236,1,,
Q02237,T02237,1,4,0
Q02238,T02238,1,,
Q02239,T02239,1,5,2
Q02240,T02240,1,,
Q02241,T02241,0,,
Q02242,T02242,1,,
Q02243,T02243,1,,
Q02244,T02244,1,3,3
Q02245,T02245,0,,
Q02246,T02246,1,5,0
Q02247,T02247,1,5,4
Q02248,T02248,1,4,0
Q02249,T02249,0,,
Q02250,T02250,0,,
Q02251,T02251,1,5,3
Q02252,T02252,1,4,0
Q02253,T02253,1,5,4
Q02254,T02254,0,,
Q02255,T02255,1,5,1
Q02256,T02256,1,4,1
Q02257,T02257,1,5,3
Q02258,T02258,1,4,4
Q02259,T02259,1,5,0
Q02260,T02260,1,5,4
Q02261,T02261,1,4,1
Q02262,T02262,1,4,2
Q02263,T02263,1,3,4
Q02264,T02264,1,4,1
Q02265,T02265,1,5,0
Q02266,T02266,1,,
Q02267,T02267,0,,
Q02268,T02268,1,,
Q02269,T02269,1,,
Q02270,T02270,1,5,1
Q02271,T02271,1,5,3
Q02272,T02272,1,5,2
Q02273,T02273,1,2,3
Q02274,T02274,1,5,3
Q02275,T02275,1,5,0
Q02276,T02276,1,5,4
Q02277,T02277,1,5,0
Q02278,T02278,1,3,3
Q02279,T02279,1,4,0
Q02280,T02280,1,,
Q02281,T02281,1,4,2
Q02282,T02282,0,,
Q02283,T02283,1,,
Q02284,T02284,1,5,3
Q02285,T02285,1,5,3
Q02286,T02286,1,5,1
Q02287,T02287,0,,
Q02288,T02288,1,,
Q02289,T02289,1,5,0
Q02290,T02290,1,,
Q02291,T02291,1,,
Q02292,T02292,1,,
Q02293,T02293,0,,
Q02294,T02294,1,4,3
Q02295,T02295,1,4,2
Q02296,T02296,1,5,1
Q02297,T02297,0,,
Q02298,T02298,1,,
Q02299,T02299,1,4,1
Q02300,T02300,1,5,0
Q02301,T02301,0,,
Q02302,T02302,0,,
Q02303,T02303,1,,
Q02304,T02304,0,,
Q02305,T02305,1,5,0
Q02306,T02306,0,,
Q02307,T02307,1,,
Q02308,T02308,1,5,2
Q02309,T02309,1,5,2
Q02310,T02310,1,5,3
Q02311,T02311,0,,
Q02312,T02312,1,,
Q02313,T02313,1,4,1
Q02314,T02314,1,5,0
Q02315,T02315,1,5,3
Q02316,T02316,1,5,2
Q02317,T02317,1,5,3
Q02318,T02318,1,5,0
Q02319,T02319,1,5,4
Q02320,T02320,1,4,3
Q02321,T02321,0,,
Q02322,T02322,1,4,2
Q02323,T02323,1,5,4
Q02324,T02324,1,5,2
Q02325,T02325,1,4,2
Q02326,T02326,1,5,4
Q02327,T02327,1,5,0
Q02328,T02328,1,5,4
Q02329,T02329,0,,
Q02330,T02330,1,5,1
Q02331,T02331,1,5,2
Q02332,T02332,1,5,1
Q02333,T02333,1,4,1
Q02334,T02334,1,,
Q02335,T02335,1,,
Q02336,T02336,1,5,4
Q02337,T02337,1,,
Q02338,T02338,0,,
Q02339,T02339,1,4,0
Q02340,T02340,1,5,0
Q02341,T02341,1,,
Q02342,T02342,1,5,4
Q02343,T02343,1,5,2
Q02344,T02344,1,,
Q02345,T02345,1,5,1
Q02346,T02346,1,5,0
Q02347,T02347,1,,
Q02348,T02348,1,4,1
Q02349,T02349,1,3,1
Q02350,T02350,0,,
Q02351,T02351,0,,
Q02352,T02352,1,4,3
Q02353,T02353,1,5,3
Q02354,T02354,1,5,1
Q02355,T02355,1,5,1
Q02356,T02356,0,,
Q02357,T02357,0,,
Q02358,T02358,1,,
Q02359,T02359,1,4,4
Q02360,T02360,0,,
Q02361,T02361,1,,
Q02362,T02362,1,,
Q02363,T02363,1,,
Q02364,T02364,1,,
Q02365,T02365,1,,
Q02366,T02366,1,,
Q02367,T02367,1,,
Q02368,T02368,1,,
Q02369,T02369,1,,
Q02370,T02370,1,,
Q02371,T02371,1,,
Q02372,T02372,1,3,4
Q02373,T02373,1,,
Q02374,T02374,1,,
Q02375,T02375,1,,
Q02376,T02376,1,5,0
Q02377,T02377,1,4,3
Q02378,T02378,1,,
Q02379,T02379,1,,
Q02380,T02380,1,,
Q02381,T02381,1,3,4
Q02382,T02382,1,4,0
Q02383,T02383,1,,
Q02384,T02384,1,4,4
Q02385,T02385,1,,
Q02386,T02386,1,,
Q02387,T02387,1,5,1
Q02388,T02388,1,4,1
Q02389,T02389,1,,
Q02390,T02390,1,5,4
Q02391,T02391,1,5,4
Q02392,T02392,1,5,2
Q02393,T02393,1,5,4
Q02394,T02394,1,4,0
Q02395,T02395,1,,
Q02396,T02396,1,,
Q02397,T02397,1,5,2
Q02398,T02398,1,5,2
Q02399,T02399,1,5,4
Q02400,T02400,1,,
Q02401,T02401,0,,
Q02402,T02402,0,,
Q02403,T02403,1,5,1
Q02404,T02404,1,,
Q02405,T02405,1,5,2
Q02406,T02406,1,4,0
Q02407,T02407,1,5,3
Q02408,T02408,1,5,4
Q02409,T02409,0,,
Q02410,T02410,1,,
Q02411,T02411,1,5,1
Q02412,T02412,1,,
Q02413,T02413,1,,
Q02414,T02414,1,,
Q02415,T02415,1,,
Q02416,T02416,1,5,1
Q02417,T02417,1,,
Q02418,T02418,1,5,4
Q02419,T02419,0,,
Q02420,T02420,1,,
Q02421,T02421,0,,
Q02422,T02422,1,,
Q02423,T02423,1,4,1
Q02424,T02424,1,,
Q02425,T02425,1,3,4
Q02426,T02426,1,4,2
Q02427,T02427,1,,
Q02428,T02428,1,4,0
Q02429,T02429,1,,
Q02430,T02430,1,5,0
Q02431,T02431,1,,
Q02432,T02432,1,5,3
Q02433,T02433,1,,
Q02434,T02434,1,5,2
Q02435,T02435,1,,
Q02436,T02436,1,,
Q02437,T02437,1,5,1
Q02438,T02438,0,,
Q02439,T02439,1,4,0
Q02440,T02440,1,,
Q02441,T02441,1,2,2
Q02442,T02442,1,5,1
Q02443,T02443,1,,
Q02444,T02444,1,4,4
Q02445,T02445,1,,
Q02446,T02446,1,,
Q02447,T02447,1,5,0
Q02448,T02448,1,5,3
Q02449,T02449,1,4,1
Q02450,T02450,0,,
Q02451,T02451,1,4,0
Q02452,T02452,1,3,3
Q02453,T02453,1,4,2
Q02454,T02454,0,,
Q02455,T02455,1,,
Q02456,T02456,1,5,2
Q02457,T02457,1,,
Q02458,T02458,1,5,4
Q02459,T02459,1,,
Q02460,T02460,1,5,0
Q02461,T02461,1,,
Q02462,T02462,1,,
Q02463,T02463,1,,
Q02464,T02464,1,5,0
Q02465,T02465,1,4,1
Q02466,T02466,0,,
Q02467,T02467,1,,
Q02468,T02468,1,5,2
Q02469,T02469,0,,
Q02470,T02470,1,5,4
Q02471,T02471,1,5,3
Q02472,T02472,1,5,3
Q02473,T02473,1,,
Q02474,T02474,1,5,4
Q02475,T02475,0,,
Q02476,T02476,1,,
Q02477,T02477,1,3,3
Q02478,T02478,1,5,4
Q02479,T02479,1,5,4
Q02480,T02480,1,3,1
Q02481,T02481,1,4,3
Q02482,T02482,1,,
Q02483,T02483,1,,
Q02484,T02484,1,5,1
Q02485,T02485,1,5,1
Q02486,T02486,1,,
Q02487,T02487,1,4,1
Q02488,T02488,1,,
Q02489,T02489,1,5,1
Q02490,T02490,1,,
Q02491,T02491,1,5,4
Q02492,T02492,1,5,2
Q02493,T02493,1,,
Q02494,T02494,1,4,3
Q02495,T02495,1,5,1
Q02496,T02496,0,,
Q02497,T02497,1,5,4
Q02498,T02498,1,3,4
Q02499,T02499,1,,
Q02500,T02500,1,5,1
Q02501,T02501,1,5,1
Q02502,T02502,0,,
Q02503,T02503,1,5,3
Q02504,T02504,1,5,4
Q02505,T02505,1,,
Q02506,T02506,1,,
Q02507,T02507,1,5,3
Q02508,T02508,1,,
Q02509,T02509,1,,
Q02510,T02510,1,,
Q02511,T02511,1,4,4
Q02512,T02512,1,5,0
Q02513,T02513,1,5,4
Q02514,T02514,1,,
Q02515,T02515,1,4,3
Q02516,T02516,1,3,1
Q02517,T02517,0,,
Q02518,T02518,1,,
Q02519,T02519,1,,
Q02520,T02520,1,5,1
Q02521,T02521,1,,
Q02522,T02522,1,,
Q02523,T02523,1,,
Q02524,T02524,1,5,3
Q02525,T02525,1,4,0
Q02526,T02526,1,5,3
Q02527,T02527,1,5,0
Q02528,T02528,1,5,2
Q02529,T02529,1,5,1
Q02530,T02530,1,,
Q02531,T02531,1,4,2
Q02532,T02532,1,,
Q02533,T02533,1,5,0
Q02534,T02534,1,,
Q02535,T02535,1,4,0
Q02536,T02536,1,5,2
Q02537,T02537,1,5,3
Q02538,T02538,1,5,3
Q02539,T02539,1,5,3
Q02540,T02540,1,5,3
Q02541,T02541,1,5,4
Q02542,T02542,1,4,3
Q02543,T02543,1,5,3
Q02544,T02544,1,5,2
Q02545,T02545,1,,
Q02546,T02546,1,5,1
Q02547,T02547,1,,
Q02548,T02548,0,,
Q02549,T02549,1,4,0
Q02550,T02550,1,,
Q02551,T02551,1,,
Q02552,T02552,1,3,2
Q02553,T02553,1,5,3
Q02554,T02554,1,5,3
Q02555,T02555,1,5,4
Q02556,T02556,1,,
Q02557,T02557,1,4,4
Q02558,T02558,1,5,0
Q02559,T02559,1,,
Q02560,T02560,1,5,1
Q02561,T02561,0,,
Q02562,T02562,1,4,4
Q02563,T02563,1,,
Q02564,T02564,0,,
Q02565,T02565,1,,
Q02566,T02566,0,,
Q02567,T02567,0,,
Q02568,T02568,1,4,3
Q02569,T02569,1,4,3
Q02570,T02570,1,,
Q02571,T02571,1,4,1
Q02572,T02572,1,5,1
Q02573,T02573,0,,
Q02574,T02574,1,5,3
Q02575,T02575,1,4,1
Q02576,T02576,1,,
Q02577,T02577,1,,
Q02578,T02578,1,3,2
Q02579,T02579,1,5,0
Q02580,T02580,1,5,4
Q02581,T02581,1,5,0
Q02582,T02582,1,5,1
Q02583,T02583,1,5,0
Q02584,T02584,1,5,4
Q02585,T02585,1,4,1
Q02586,T02586,1,,
Q02587,T02587,1,,
Q02588,T02588,1,,
Q02589,T02589,1,5,1
Q02590,T02590,1,,
Q02591,T02591,1,5,1
Q02592,T02592,1,4,3
Q02593,T02593,1,3,0
Q02594,T02594,1,5,1
Q02595,T02595,0,,
Q02596,T02596,1,5,4
Q02597,T02597,1,5,3
Q02598,T02598,0,,
Q02599,T02599,1,4,1
Q02600,T02600,1,5,4
Q02601,T02601,0,,
Q02602,T02602,1,4,1
Q02603,T02603,1,5,4
Q02604,T02604,1,1,3
Q02605,T02605,1,5,3
Q02606,T02606,1,,
Q02607,T02607,1,5,2
Q02608,T02608,0,,
Q02609,T02609,1,4,1
Q02610,T02610,1,5,2
Q02611,T02611,1,2,3
Q02612,T02612,1,4,0
Q02613,T02613,1,5,0
Q02614,T02614,1,,
Q02615,T02615,1,5,4
Q02616,T02616,1,5,0
Q02617,T02617,1,5,1
Q02618,T02618,1,,
Q02619,T02619,1,,
Q02620,T02620,1,5,3
Q02621,T02621,1,3,1
Q02622,T02622,1,4,4
Q02623,T02623,1,,
Q02624,T02624,1,5,4
Q02625,T02625,0,,
Q02626,T02626,1,,
Q02627,T02627,0,,
Q02628,T02628,1,5,3
Q02629,T02629,1,4,2
Q02630,T02630,1,,
Q02631,T02631,0,,
Q02632,T02632,0,,
Q02633,T02633,1,,
Q02634,T02634,1,5,3
Q02635,T02635,1,,
Q02636,T02636,1,,
Q02637,T02637,1,4,3
Q02638,T02638,1,,
Q02639,T02639,1,,
Q02640,T02640,1,,
Q02641,T02641,1,,
Q02642,T02642,1,,
Q02643,T02643,0,,
Q02644,T02644,1,,
Q02645,T02645,1,5,1
Q02646,T02646,1,5,1
Q02647,T02647,1,5,0
Q02648,T02648,1,,
Q02649,T02649,1,5,4
Q02650,T02650,1,5,0
Q02651,T02651,1,5,1
Q02652,T02652,1,5,3
Q02653,T02653,1,,
Q02654,T02654,1,4,4
Q02655,T02655,1,,
Q02656,T02656,0,,
Q02657,T02657,1,,
Q02658,T02658,0,,
Q02659,T02659,1,,
Q02660,T02660,0,,
Q02661,T02661,1,,
Q02662,T02662,1,3,4
Q02663,T02663,1,5,1
Q02664,T02664,1,4,0
Q02665,T02665,0,,
Q02666,T02666,1,5,1
Q02667,T02667,1,,
Q02668,T02668,1,3,2
Q02669,T02669,1,5,0
Q02670,T02670,1,3,0
Q02671,T02671,1,5,1
Q02672,T02672,1,4,1
Q02673,T02673,1,,
Q02674,T02674,1,5,0
Q02675,T02675,1,,
Q02676,T02676,1,4,1
Q02677,T02677,1,3,1
Q02678,T02678,1,1,2
Q02679,T02679,0,,
Q02680,T02680,1,3,0
Q02681,T02681,0,,
Q02682,T02682,1,5,3
Q02683,T02683,1,5,1
Q02684,T02684,1,5,0
Q02685,T02685,1,5,2
Q02686,T02686,1,5,0
Q02687,T02687,1,5,2
Q02688,T02688,1,,
Q02689,T02689,1,,
Q02690,T02690,1,5,0
Q02691,T02691,1,,
Q02692,T02692,1,3,2
Q02693,T02693,1,5,1
Q02694,T02694,1,,
Q02695,T02695,1,,
Q02696,T02696,1,4,2
Q02697,T02697,1,,
Q02698,T02698,1,5,3
Q02699,T02699,1,,
Q02700,T02700,1,,
Q02701,T02701,1,,
Q02702,T02702,1,,
Q02703,T02703,1,5,3
Q02704,T02704,1,,
Q02705,T02705,1,5,2
Q02706,T02706,1,5,0
Q02707,T02707,1,5,0
Q02708,T02708,1,5,4
Q02709,T02709,1,4,4
Q02710,T02710,1,5,2
Q02711,T02711,1,4,2
Q02712,T02712,1,3,3
Q02713,T02713,1,,
Q02714,T02714,1,4,3
Q02715,T02715,1,5,3
Q02716,T02716,1,4,4
Q02717,T02717,0,,
Q02718,T02718,1,4,0
Q02719,T02719,1,,
Q02720,T02720,1,5,2
Q02721,T02721,1,5,1
Q02722,T02722,1,5,4
Q02723,T02723,1,5,0
Q02724,T02724,1,,
Q02725,T02725,1,,
Q02726,T02726,0,,
Q02727,T02727,0,,
Q02728,T02728,0,,
Q02729,T02729,1,5,0
Q02730,T02730,1,,
Q02731,T02731,1,5,0
Q02732,T02732,1,5,3
Q02733,T02733,1,5,3
Q02734,T02734,1,5,1
Q02735,T02735,1,4,2
Q02736,T02736,1,5,0
Q02737,T02737,1,5,4
Q02738,T02738,1,,
Q02739,T02739,1,4,1
Q02740,T02740,1,1,1
Q02741,T02741,1,3,1
Q02742,T02742,1,5,1
Q02743,T02743,1,4,0
Q02744,T02744,1,5,0
Q02745,T02745,1,5,0
Q02746,T02746,1,3,2
Q02747,T02747,1,4,3
Q02748,T02748,1,5,4
Q02749,T02749,0,,
Q02750,T02750,1,,
Q02751,T02751,0,,
Q02752,T02752,1,4,1
Q02753,T02753,1,5,2
Q02754,T02754,1,,
Q02755,T02755,1,5,4
Q02756,T02756,1,5,2
Q02757,T02757,1,,
Q02758,T02758,1,4,1
Q02759,T02759,1,3,3
Q02760,T02760,1,5,0
Q02761,T02761,1,,
Q02762,T02762,1,5,2
Q02763,T02763,1,,
Q02764,T02764,1,5,4
Q02765,T02765,1,5,0
Q02766,T02766,0,,
Q02767,T02767,1,,
Q02768,T02768,1,,
Q02769,T02769,1,2,0
Q02770,T02770,1,5,3
Q02771,T02771,1,4,4
Q02772,T02772,1,4,1
Q02773,T02773,1,4,2
Q02774,T02774,0,,
Q02775,T02775,1,,
Q02776,T02776,1,,
Q02777,T02777,1,2,3
Q02778,T02778,1,5,0
Q02779,T02779,1,4,4
Q02780,T02780,1,5,2
Q02781,T02781,0,,
Q02782,T02782,1,5,1
Q02783,T02783,1,,
Q02784,T02784,1,,
Q02785,T02785,1,3,0
Q02786,T02786,1,5,0
Q02787,T02787,1,3,1
Q02788,T02788,1,,
Q02789,T02789,1,5,0
Q02790,T02790,1,5,2
Q02791,T02791,1,,
Q02792,T02792,1,,
Q02793,T02793,1,5,3
Q02794,T02794,1,,
Q02795,T02795,1,,
Q02796,T02796,1,,
Q02797,T02797,1,,
Q02798,T02798,1,,
Q02799,T02799,1,,
Q02800,T02800,1,,
Q02801,T02801,1,5,2
Q02802,T02802,1,5,1
Q02803,T02803,1,5,2
Q02804,T02804,1,,
Q02805,T02805,0,,
Q02806,T02806,1,4,2
Q02807,T02807,1,4,2
Q02808,T02808,1,3,0
Q02809,T02809,1,4,3
Q02810,T02810,0,,
Q02811,T02811,1,4,3
Q02812,T02812,1,,
Q02813,T02813,0,,
Q02814,T02814,1,4,2
Q02815,T02815,1,,
Q02816,T02816,1,,
Q02817,T02817,1,,
Q02818,T02818,1,5,3
Q02819,T02819,1,4,4
Q02820,T02820,0,,
Q02821,T02821,1,5,0
Q02822,T02822,1,,
Q02823,T02823,1,5,0
Q02824,T02824,1,,
Q02825,T02825,1,,
Q02826,T02826,1,,
Q02827,T02827,1,5,1
Q02828,T02828,1,4,2
Q02829,T02829,1,,
Q02830,T02830,1,5,1
Q02831,T02831,1,,
Q02832,T02832,1,,
Q02833,T02833,1,5,2
Q02834,T02834,1,4,4
Q02835,T02835,1,4,0
Q02836,T02836,1,,
Q02837,T02837,1,5,3
Q02838,T02838,1,5,3
Q02839,T02839,1,3,3
Q02840,T02840,1,5,1
Q02841,T02841,1,,
Q02842,T02842,0,,
Q02843,T02843,1,4,1
Q02844,T02844,1,4,0
Q02845,T02845,1,,
Q02846,T02846,1,,
Q02847,T02847,1,1,0
Q02848,T02848,1,4,2
Q02849,T02849,1,4,4
Q02850,T02850,1,,
Q02851,T02851,1,5,2
Q02852,T02852,1,5,0
Q02853,T02853,1,5,0
Q02854,T02854,1,,
Q02855,T02855,1,4,2
Q02856,T02856,1,,
Q02857,T02857,1,5,0
Q02858,T02858,1,5,4
Q02859,T02859,1,5,1
Q02860,T02860,1,,
Q02861,T02861,1,4,2
Q02862,T02862,1,,
Q02863,T02863,1,,
Q02864,T02864,0,,
Q02865,T02865,1,5,3
Q02866,T02866,1,5,2
Q02867,T02867,1,4,2
Q02868,T02868,1,5,4
Q02869,T02869,1,5,0
Q02870,T02870,1,5,0
Q02871,T02871,1,,
Q02872,T02872,1,,
Q02873,T02873,1,4,0
Q02874,T02874,1,5,4
Q02875,T02875,1,4,1
Q02876,T02876,1,4,3
Q02877,T02877,1,5,2
Q02878,T02878,1,5,1
Q02879,T02879,1,,
Q02880,T02880,1,3,4
Q02881,T02881,1,5,0
Q02882,T02882,1,4,0
Q02883,T02883,0,,
Q02884,T02884,1,5,0
Q02885,T02885,1,4,4
Q02886,T02886,1,3,1
Q02887,T02887,1,,
Q02888,T02888,1,5,2
Q02889,T02889,1,4,3
Q02890,T02890,1,5,4
Q02891,T02891,1,4,3
Q02892,T02892,1,,
Q02893,T02893,1,,
Q02894,T02894,1,4,1
Q02895,T02895,1,,
Q02896,T02896,1,,
Q02897,T02897,0,,
Q02898,T02898,1,5,2
Q02899,T02899,0,,
Q02900,T02900,0,,
Q02901,T02901,1,5,4
Q02902,T02902,1,,
Q02903,T02903,1,4,0
Q02904,T02904,1,,
Q02905,T02905,1,,
Q02906,T02906,1,5,2
Q02907,T02907,1,,
Q02908,T02908,1,5,1
Q02909,T02909,1,5,3
Q02910,T02910,1,,
Q02911,T02911,1,5,3
Q02912,T02912,1,5,1
Q02913,T02913,1,,
Q02914,T02914,1,5,3
Q02915,T02915,1,5,0
Q02916,T02916,1,,
Q02917,T02917,1,,
Q02918,T02918,1,3,0
Q02919,T02919,1,5,1
Q02920,T02920,1,,
Q02921,T02921,1,5,3
Q02922,T02922,0,,
Q02923,T02923,0,,
Q02924,T02924,0,,
Q02925,T02925,1,4,4
Q02926,T02926,1,,
Q02927,T02927,1,5,3
Q02928,T02928,1,,
Q02929,T02929,1,,
Q02930,T02930,1,,
Q02931,T02931,1,3,4
Q02932,T02932,1,,
Q02933,T02933,0,,
Q02934,T02934,1,4,3
Q02935,T02935,1,5,4
Q02936,T02936,1,,
Q02937,T02937,1,5,3
Q02938,T02938,1,5,2
Q02939,T02939,1,,
Q02940,T02940,1,5,4
Q02941,T02941,1,,
Q02942,T02942,1,5,3
Q02943,T02943,1,4,4
Q02944,T02944,1,4,4
Q02945,T02945,1,4,1
Q02946,T02946,1,4,1
Q02947,T02947,1,4,2
Q02948,T02948,1,3,2
Q02949,T02949,1,,
Q02950,T02950,1,,
Q02951,T02951,1,,
Q02952,T02952,1,3,1
Q02953,T02953,1,4,0
Q02954,T02954,1,,
Q02955,T02955,0,,
Q02956,T02956,1,,
Q02957,T02957,1,,
Q02958,T02958,1,,
Q02959,T02959,1,5,1
Q02960,T02960,1,4,1
Q02961,T02961,1,,
Q02962,T02962,1,,
Q02963,T02963,1,,
Q02964,T02964,1,5,4
Q02965,T02965,1,5,3
Q02966,T02966,1,4,3
Q02967,T02967,0,,
Q02968,T02968,1,4,4
Q02969,T02969,1,,
Q02970,T02970,1,,
Q02971,T02971,1,4,1
Q02972,T02972,1,,
Q02973,T02973,0,,
Q02974,T02974,1,,
Q02975,T02975,1,5,3
Q02976,T02976,1,,
Q02977,T02977,1,5,0
Q02978,T02978,1,4,1
Q02979,T02979,1,5,0
Q02980,T02980,1,,
Q02981,T02981,1,,
Q02982,T02982,1,5,4
Q02983,T02983,1,4,4
Q02984,T02984,1,5,1
Q02985,T02985,1,2,2
Q02986,T02986,0,,
Q02987,T02987,1,5,2
Q02988,T02988,1,,
Q02989,T02989,1,4,0
Q02990,T02990,1,4,4
Q02991,T02991,1,3,1
Q02992,T02992,1,,
Q02993,T02993,1,,
Q02994,T02994,1,,
Q02995,T02995,1,,
Q02996,T02996,1,,
Q02997,T02997,1,,
Q02998,T02998,1,,
Q02999,T02999,1,,
Q03000,T03000,0,,
Q03001,T03001,1,4,1
Q03002,T03002,1,,
Q03003,T03003,1,4,2
Q03004,T03004,1,5,1
Q03005,T03005,1,5,4
Q03006,T03006,1,,
Q03007,T03007,1,5,1
Q03008,T03008,1,5,0
Q03009,T03009,1,5,1
Q03010,T03010,1,5,4
Q03011,T03011,1,,
Q03012,T03012,1,5,3
Q03013,T03013,1,,
Q03014,T03014,1,,
Q03015,T03015,0,,
Q03016,T03016,1,5,0
Q03017,T03017,0,,
Q03018,T03018,1,,
Q03019,T03019,0,,
Q03020,T03020,1,,
Q03021,T03021,1,,
Q03022,T03022,1,5,3
Q03023,T03023,1,5,3
Q03024,T03024,1,5,1
Q03025,T03025,1,5,1
Q03026,T03026,1,,
Q03027,T03027,1,4,1
Q03028,T03028,0,,
Q03029,T03029,1,3,1
Q03030,T03030,1,,
Q03031,T03031,1,4,2
Q03032,T03032,1,,
Q03033,T03033,1,5,2
Q03034,T03034,1,,
Q03035,T03035,0,,
Q03036,T03036,1,5,2
Q03037,T03037,1,5,2
Q03038,T03038,1,,
Q03039,T03039,1,1,2
Q03040,T03040,1,4,2
Q03041,T03041,1,,
Q03042,T03042,1,5,1
Q03043,T03043,1,5,3
Q03044,T03044,1,,
Q03045,T03045,1,2,1
Q03046,T03046,1,1,2
Q03047,T03047,1,5,0
Q03048,T03048,1,5,0
Q03049,T03049,1,3,0
Q03050,T03050,1,,
Q03051,T03051,1,,
Q03052,T03052,1,5,3
Q03053,T03053,1,2,4
Q03054,T03054,1,3,0
Q03055,T03055,1,5,2
Q03056,T03056,1,,
Q03057,T03057,1,4,3
Q03058,T03058,1,,
Q03059,T03059,1,5,1
Q03060,T03060,0,,
Q03061,T03061,0,,
Q03062,T03062,1,,
Q03063,T03063,0,,
Q03064,T03064,1,5,2
Q03065,T03065,0,,
Q03066,T03066,1,2,3
Q03067,T03067,1,5,2
Q03068,T03068,1,,
Q03069,T03069,1,4,4
Q03070,T03070,1,5,3
Q03071,T03071,1,5,1
Q03072,T03072,1,5,2
Q03073,T03073,1,,
Q03074,T03074,1,5,1
Q03075,T03075,0,,
Q03076,T03076,1,5,3
Q03077,T03077,1,5,2
Q03078,T03078,1,,
Q03079,T03079,1,,
Q03080,T03080,1,,
Q03081,T03081,1,,
Q03082,T03082,1,5,3
Q03083,T03083,1,4,1
Q03084,T03084,1,3,1
Q03085,T03085,1,5,1
Q03086,T03086,1,4,3
Q03087,T03087,1,,
Q03088,T03088,1,,
Q03089,T03089,1,5,4
Q03090,T03090,1,,
Q03091,T03091,1,5,2
Q03092,T03092,1,4,2
Q03093,T03093,1,3,2
Q03094,T03094,1,3,0
Q03095,T03095,0,,
Q03096,T03096,1,,
Q03097,T03097,1,,
Q03098,T03098,1,3,2
Q03099,T03099,1,5,1
Q03100,T03100,1,5,4
Q03101,T03101,1,5,2
Q03102,T03102,1,4,0
Q03103,T03103,1,4,3
Q03104,T03104,1,,
Q03105,T03105,1,,
Q03106,T03106,1,3,4
Q03107,T03107,1,5,4
Q03108,T03108,1,4,1
Q03109,T03109,1,4,2
Q03110,T03110,1,4,3
Q03111,T03111,1,4,4
Q03112,T03112,0,,
Q03113,T03113,1,5,1
Q03114,T03114,1,4,1
Q03115,T03115,1,,
Q03116,T03116,1,,
Q03117,T03117,1,4,0
Q03118,T03118,1,,
Q03119,T03119,1,5,0
Q03120,T03120,1,5,2
Q03121,T03121,1,4,0
Q03122,T03122,1,4,0
Q03123,T03123,1,5,4
Q03124,T03124,1,,
Q03125,T03125,1,,
Q03126,T03126,1,5,3
Q03127,T03127,1,,
Q03128,T03128,1,,
Q03129,T03129,1,5,0
Q03130,T03130,0,,
Q03131,T03131,1,4,3
Q03132,T03132,1,4,1
Q03133,T03133,1,4,1
Q03134,T03134,1,,
Q03135,T03135,1,,
Q03136,T03136,1,,
Q03137,T03137,1,5,4
Q03138,T03138,1,,
Q03139,T03139,1,5,4
Q03140,T03140,1,3,4
Q03141,T03141,1,,
Q03142,T03142,0,,
Q03143,T03143,1,5,4
Q03144,T03144,0,,
Q03145,T03145,1,5,2
Q03146,T03146,1,5,3
Q03147,T03147,1,4,4
Q03148,T03148,1,5,1
Q03149,T03149,1,,
Q03150,T03150,1,5,3
Q03151,T03151,0,,
Q03152,T03152,1,4,0
Q03153,T03153,0,,
Q03154,T03154,1,4,1
Q03155,T03155,1,,
Q03156,T03156,1,5,4
Q03157,T03157,1,,
Q03158,T03158,1,,
Q03159,T03159,1,5,0
Q03160,T03160,1,,
Q03161,T03161,1,5,1
Q03162,T03162,0,,
Q03163,T03163,1,5,2
Q03164,T03164,0,,
Q03165,T03165,0,,
Q03166,T03166,0,,
Q03167,T03167,1,,
Q03168,T03168,1,5,1
Q03169,T03169,1,3,3
Q03170,T03170,1,,
Q03171,T03171,1,5,1
Q03172,T03172,1,,
Q03173,T03173,1,,
Q03174,T03174,1,5,0
Q03175,T03175,1,,
Q03176,T03176,1,4,4
Q03177,T03177,1,5,0
Q03178,T03178,1,4,4
Q03179,T03179,0,,
Q03180,T03180,1,5,3
Q03181,T03181,1,5,1
Q03182,T03182,1,4,0
Q03183,T03183,1,5,1
Q03184,T03184,1,5,2
Q03185,T03185,1,4,0
Q03186,T03186,1,5,4
Q03187,T03187,1,5,0
Q03188,T03188,0,,
Q03189,T03189,1,,
Q03190,T03190,1,4,1
Q03191,T03191,1,,
Q03192,T03192,1,5,2
Q03193,T03193,1,5,2
Q03194,T03194,0,,
Q03195,T03195,0,,
Q03196,T03196,1,5,4
Q03197,T03197,1,5,3
Q03198,T03198,0,,
Q03199,T03199,1,2,1
Q03200,T03200,1,,
Q03201,T03201,1,5,2
Q03202,T03202,1,,
Q03203,T03203,1,,
Q03204,T03204,1,,
Q03205,T03205,1,3,3
Q03206,T03206,1,,
Q03207,T03207,1,5,0
Q03208,T03208,1,5,0
Q03209,T03209,1,,
Q03210,T03210,1,4,2
Q03211,T03211,1,5,3
Q03212,T03212,1,,
Q03213,T03213,1,4,0
Q03214,T03214,1,,
Q03215,T03215,0,,
Q03216,T03216,1,5,0
Q03217,T03217,1,,
Q03218,T03218,1,5,4
Q03219,T03219,1,4,0
Q03220,T03220,1,,
Q03221,T03221,1,4,3
Q03222,T03222,0,,
Q03223,T03223,1,4,2
Q03224,T03224,1,,
Q03225,T03225,1,,
Q03226,T03226,1,5,1
Q03227,T03227,1,,
Q03228,T03228,1,4,4
Q03229,T03229,1,,
Q03230,T03230,1,3,3
Q03231,T03231,1,4,0
Q03232,T03232,1,4,3
Q03233,T03233,1,3,3
Q03234,T03234,1,5,0
Q03235,T03235,1,5,0
Q03236,T03236,1,,
Q03237,T03237,1,,
Q03238,T03238,1,,
Q03239,T03239,1,5,4
Q03240,T03240,1,,
Q03241,T03241,1,5,4
Q03242,T03242,1,4,4
Q03243,T03243,1,,
Q03244,T03244,1,,
Q03245,T03245,1,4,0
Q03246,T03246,1,,
Q03247,T03247,1,5,4
Q03248,T03248,1,4,2
Q03249,T03249,1,,
Q03250,T03250,1,5,2
Q03251,T03251,0,,
Q03252,T03252,1,2,3
Q03253,T03253,0,,
Q03254,T03254,1,5,1
Q03255,T03255,1,5,1
Q03256,T03256,0,,
Q03257,T03257,1,,
Q03258,T03258,1,,
Q03259,T03259,1,,
Q03260,T03260,1,,
Q03261,T03261,1,5,3
Q03262,T03262,1,,
Q03263,T03263,0,,
Q03264,T03264,1,5,3
Q03265,T03265,1,2,3
Q03266,T03266,1,,
Q03267,T03267,1,3,2
Q03268,T03268,1,5,1
Q03269,T03269,1,,
Q03270,T03270,1,5,0
Q03271,T03271,1,,
Q03272,T03272,1,4,3
Q03273,T03273,1,,
Q03274,T03274,0,,
Q03275,T03275,1,,
Q03276,T03276,1,5,4
Q03277,T03277,1,5,2
Q03278,T03278,1,4,4
Q03279,T03279,1,4,4
Q03280,T03280,1,4,0
Q03281,T03281,0,,
Q03282,T03282,1,,
Q03283,T03283,1,,
Q03284,T03284,1,,
Q03285,T03285,1,5,4
Q03286,T03286,1,,
Q03287,T03287,1,4,0
Q03288,T03288,1,,
Q03289,T03289,1,,
Q03290,T03290,1,5,4
Q03291,T03291,1,4,2
Q03292,T03292,0,,
Q03293,T03293,1,5,2
Q03294,T03294,1,5,2
Q03295,T03295,1,4,0
Q03296,T03296,1,5,1
Q03297,T03297,1,4,1
Q03298,T03298,1,5,1
Q03299,T03299,1,5,4
Q03300,T03300,1,4,0
Q03301,T03301,1,5,1
Q03302,T03302,1,5,2
Q03303,T03303,1,5,2
Q03304,T03304,1,,
Q03305,T03305,0,,
Q03306,T03306,1,5,1
Q03307,T03307,1,5,4
Q03308,T03308,1,5,0
Q03309,T03309,1,,
Q03310,T03310,1,5,0
Q03311,T03311,1,5,0
Q03312,T03312,1,4,3
Q03313,T03313,1,,
Q03314,T03314,1,,
Q03315,T03315,1,5,4
Q03316,T03316,1,3,2
Q03317,T03317,0,,
Q03318,T03318,1,5,1
Q03319,T03319,1,,
Q03320,T03320,1,2,3
Q03321,T03321,1,5,1
Q03322,T03322,1,,
Q03323,T03323,1,5,0
Q03324,T03324,1,4,1
Q03325,T03325,1,5,0
Q03326,T03326,1,5,3
Q03327,T03327,1,,
Q03328,T03328,1,5,1
Q03329,T03329,0,,
Q03330,T03330,1,4,0
Q03331,T03331,0,,
Q03332,T03332,1,5,0
Q03333,T03333,1,,
Q03334,T03334,1,5,3
Q03335,T03335,1,2,4
Q03336,T03336,1,4,3
Q03337,T03337,1,,
Q03338,T03338,1,,
Q03339,T03339,1,,
Q03340,T03340,0,,
Q03341,T03341,1,5,4
Q03342,T03342,1,5,3
Q03343,T03343,1,5,1
Q03344,T03344,1,,
Q03345,T03345,1,4,3
Q03346,T03346,1,5,0
Q03347,T03347,1,5,3
Q03348,T03348,1,5,1
Q03349,T03349,0,,
Q03350,T03350,1,5,0
Q03351,T03351,1,,
Q03352,T03352,0,,
Q03353,T03353,1,5,4
Q03354,T03354,1,5,0
Q03355,T03355,1,5,3
Q03356,T03356,1,,
Q03357,T03357,1,,
Q03358,T03358,1,3,2
Q03359,T03359,1,,
Q03360,T03360,1,3,2
Q03361,T03361,1,5,0
Q03362,T03362,1,5,0
Q03363,T03363,1,4,3
Q03364,T03364,1,5,3
Q03365,T03365,1,5,1
Q03366,T03366,1,,
Q03367,T03367,1,,
Q03368,T03368,1,,
Q03369,T03369,1,,
Q03370,T03370,1,,
Q03371,T03371,1,,
Q03372,T03372,1,3,0
Q03373,T03373,1,5,1
Q03374,T03374,1,,
Q03375,T03375,1,2,4
Q03376,T03376,1,3,1
Q03377,T03377,1,5,1
Q03378,T03378,1,2,4
Q03379,T03379,1,5,1
Q03380,T03380,1,5,1
Q03381,T03381,1,,
Q03382,T03382,1,,
Q03383,T03383,0,,
Q03384,T03384,1,4,3
Q03385,T03385,1,,
Q03386,T03386,1,4,2
Q03387,T03387,1,,
Q03388,T03388,1,5,1
Q03389,T03389,1,,
Q03390,T03390,1,,
Q03391,T03391,1,3,3
Q03392,T03392,1,,
Q03393,T03393,1,,
Q03394,T03394,1,1,1
Q03395,T03395,1,3,3
Q03396,T03396,1,5,4
Q03397,T03397,1,,
Q03398,T03398,1,5,1
Q03399,T03399,1,4,0
Q03400,T03400,1,,
Q03401,T03401,1,4,3
Q03402,T03402,1,5,2
Q03403,T03403,1,,
Q03404,T03404,0,,
Q03405,T03405,0,,
Q03406,T03406,1,5,0
Q03407,T03407,1,5,0
Q03408,T03408,1,4,3
Q03409,T03409,1,5,2
Q03410,T03410,1,5,2
Q03411,T03411,1,,
Q03412,T03412,1,4,4
Q03413,T03413,1,4,2
Q03414,T03414,0,,
Q03415,T03415,1,4,2
Q03416,T03416,1,5,1
Q03417,T03417,1,4,4
Q03418,T03418,1,,
Q03419,T03419,1,5,2
Q03420,T03420,1,,
Q03421,T03421,1,5,3
Q03422,T03422,1,,
Q03423,T03423,1,5,1
Q03424,T03424,1,,
Q03425,T03425,1,5,2
Q03426,T03426,1,,
Q03427,T03427,1,5,0
Q03428,T03428,1,5,4
Q03429,T03429,1,5,3
Q03430,T03430,1,5,0
Q03431,T03431,1,4,4
Q03432,T03432,1,3,4
Q03433,T03433,1,5,4
Q03434,T03434,1,5,2
Q03435,T03435,1,,
Q03436,T03436,0,,
Q03437,T03437,1,5,2
Q03438,T03438,1,5,1
Q03439,T03439,1,5,2
Q03440,T03440,1,4,0
Q03441,T03441,1,,
Q03442,T03442,1,,
Q03443,T03443,1,4,1
Q03444,T03444,0,,
Q03445,T03445,1,,
Q03446,T03446,1,5,2
Q03447,T03447,1,,
Q03448,T03448,1,5,0
Q03449,T03449,1,5,3
Q03450,T03450,1,,
Q03451,T03451,1,3,3
Q03452,T03452,1,,
Q03453,T03453,1,4,1
Q03454,T03454,1,5,2
Q03455,T03455,1,5,1
Q03456,T03456,0,,
Q03457,T03457,1,4,3
Q03458,T03458,1,,
Q03459,T03459,1,,
Q03460,T03460,1,5,1
Q03461,T03461,1,,
Q03462,T03462,1,5,0
Q03463,T03463,1,5,2
Q03464,T03464,1,,
Q03465,T03465,1,,
Q03466,T03466,0,,
Q03467,T03467,1,,
Q03468,T03468,1,,
Q03469,T03469,1,,
Q03470,T03470,1,5,2
Q03471,T03471,1,5,2
Q03472,T03472,1,4,2
Q03473,T03473,0,,
Q03474,T03474,1,5,0
Q03475,T03475,1,5,2
Q03476,T03476,1,,
Q03477,T03477,1,5,2
Q03478,T03478,1,1,0
Q03479,T03479,1,,
Q03480,T03480,1,3,3
Q03481,T03481,1,,
Q03482,T03482,1,5,0
Q03483,T03483,1,4,4
Q03484,T03484,1,5,3
Q03485,T03485,1,5,4
Q03486,T03486,1,,
Q03487,T03487,1,,
Q03488,T03488,1,,
Q03489,T03489,1,5,1
Q03490,T03490,1,,
Q03491,T03491,0,,
Q03492,T03492,1,,
Q03493,T03493,1,5,1
Q03494,T03494,1,,
Q03495,T03495,1,5,0
Q03496,T03496,1,5,2
Q03497,T03497,1,5,1
Q03498,T03498,1,,
Q03499,T03499,1,5,1
Q03500,T03500,1,5,0
Q03501,T03501,1,4,2
Q03502,T03502,1,5,4
Q03503,T03503,0,,
Q03504,T03504,1,3,0
Q03505,T03505,1,,
Q03506,T03506,1,,
Q03507,T03507,1,5,1
Q03508,T03508,1,,
Q03509,T03509,0,,
Q03510,T03510,0,,
Q03511,T03511,1,,
Q03512,T03512,0,,
Q03513,T03513,1,5,2
Q03514,T03514,1,,
Q03515,T03515,1,5,3
Q03516,T03516,1,5,4
Q03517,T03517,1,,
Q03518,T03518,1,,
Q03519,T03519,0,,
Q03520,T03520,1,5,2
Q03521,T03521,1,5,4
Q03522,T03522,1,5,2
Q03523,T03523,1,5,0
Q03524,T03524,1,5,3
Q03525,T03525,1,3,4
Q03526,T03526,1,4,3
Q03527,T03527,1,,
Q03528,T03528,0,,
Q03529,T03529,1,5,0
Q03530,T03530,0,,
Q03531,T03531,1,,
Q03532,T03532,1,3,3
Q03533,T03533,1,5,4
Q03534,T03534,1,5,2
Q03535,T03535,1,5,2
Q03536,T03536,1,5,3
Q03537,T03537,0,,
Q03538,T03538,1,3,1
Q03539,T03539,1,5,1
Q03540,T03540,1,5,1
Q03541,T03541,1,4,3
Q03542,T03542,1,4,1
Q03543,T03543,1,5,4
Q03544,T03544,1,,
Q03545,T03545,1,3,4
Q03546,T03546,1,5,2
Q03547,T03547,0,,
Q03548,T03548,1,4,0
Q03549,T03549,1,,
Q03550,T03550,1,,
Q03551,T03551,1,5,3
Q03552,T03552,1,5,0
Q03553,T03553,1,5,0
Q03554,T03554,1,5,3
Q03555,T03555,1,5,3
Q03556,T03556,0,,
Q03557,T03557,1,5,0
Q03558,T03558,1,5,1
Q03559,T03559,1,5,4
Q03560,T03560,1,5,3
Q03561,T03561,1,5,3
Q03562,T03562,0,,
Q03563,T03563,1,4,2
Q03564,T03564,1,4,0
Q03565,T03565,1,5,2
Q03566,T03566,1,,
Q03567,T03567,1,3,0
Q03568,T03568,0,,
Q03569,T03569,1,5,3
Q03570,T03570,1,5,1
Q03571,T03571,1,5,1
Q03572,T03572,1,,
Q03573,T03573,1,,
Q03574,T03574,1,5,4
Q03575,T03575,1,,
Q03576,T03576,1,5,0
Q03577,T03577,1,4,3
Q03578,T03578,1,4,0
Q03579,T03579,0,,
Q03580,T03580,1,1,0
Q03581,T03581,1,4,4
Q03582,T03582,1,,
Q03583,T03583,1,4,1
Q03584,T03584,1,5,2
Q03585,T03585,1,5,4
Q03586,T03586,1,5,0
Q03587,T03587,1,2,3
Q03588,T03588,1,,
Q03589,T03589,1,5,2
Q03590,T03590,1,,
Q03591,T03591,1,,
Q03592,T03592,0,,
Q03593,T03593,1,5,0
Q03594,T03594,1,,
Q03595,T03595,1,5,0
Q03596,T03596,0,,
Q03597,T03597,1,,
Q03598,T03598,1,5,0
Q03599,T03599,1,,
Q03600,T03600,1,,
Q03601,T03601,1,,
Q03602,T03602,1,5,4
Q03603,T03603,1,,
Q03604,T03604,0,,
Q03605,T03605,1,4,2
Q03606,T03606,1,5,1
Q03607,T03607,1,,
Q03608,T03608,1,5,1
Q03609,T03609,1,,
Q03610,T03610,0,,
Q03611,T03611,1,5,4
Q03612,T03612,1,,
Q03613,T03613,1,3,0
Q03614,T03614,0,,
Q03615,T03615,1,5,4
Q03616,T03616,1,,
Q03617,T03617,1,4,4
Q03618,T03618,1,5,3
Q03619,T03619,1,4,4
Q03620,T03620,1,5,2
Q03621,T03621,1,,
Q03622,T03622,1,1,4
Q03623,T03623,1,5,1
Q03624,T03624,0,,
Q03625,T03625,1,3,1
Q03626,T03626,1,4,4
Q03627,T03627,0,,
Q03628,T03628,1,,
Q03629,T03629,1,,
Q03630,T03630,1,,
Q03631,T03631,1,4,1
Q03632,T03632,1,,
Q03633,T03633,1,,
Q03634,T03634,1,3,4
Q03635,T03635,1,5,2
Q03636,T03636,1,3,3
Q03637,T03637,1,5,0
Q03638,T03638,1,5,0
Q03639,T03639,1,4,0
Q03640,T03640,1,4,2
Q03641,T03641,1,5,3
Q03642,T03642,1,,
Q03643,T03643,1,4,4
Q03644,T03644,1,4,0
Q03645,T03645,1,,
Q03646,T03646,1,3,0
Q03647,T03647,1,,
Q03648,T03648,1,,
Q03649,T03649,1,5,4
Q03650,T03650,1,,
Q03651,T03651,1,,
Q03652,T03652,1,5,0
Q03653,T03653,1,5,3
Q03654,T03654,1,5,1
Q03655,T03655,1,,
Q03656,T03656,1,4,4
Q03657,T03657,1,,
Q03658,T03658,1,4,4
Q03659,T03659,1,5,0
Q03660,T03660,1,,
Q03661,T03661,1,4,4
Q03662,T03662,1,5,0
Q03663,T03663,1,2,0
Q03664,T03664,1,5,3
Q03665,T03665,1,,
Q03666,T03666,1,,
Q03667,T03667,1,4,0
Q03668,T03668,1,,
Q03669,T03669,1,4,2
Q03670,T03670,1,5,4
Q03671,T03671,1,5,3
Q03672,T03672,1,,
Q03673,T03673,1,5,0
Q03674,T03674,0,,
Q03675,T03675,1,5,1
Q03676,T03676,1,,
Q03677,T03677,1,2,1
Q03678,T03678,1,5,4
Q03679,T03679,1,5,3
Q03680,T03680,1,5,4
Q03681,T03681,1,5,3
Q03682,T03682,1,5,0
Q03683,T03683,1,,
Q03684,T03684,1,,
Q03685,T03685,0,,
Q03686,T03686,0,,
Q03687,T03687,1,,
Q03688,T03688,1,5,0
Q03689,T03689,1,3,3
Q03690,T03690,0,,
Q03691,T03691,0,,
Q03692,T03692,1,4,4
Q03693,T03693,1,5,1
Q03694,T03694,1,5,1
Q03695,T03695,1,,
Q03696,T03696,0,,
Q03697,T03697,1,,
Q03698,T03698,1,,
Q03699,T03699,1,,
Q03700,T03700,1,5,1
Q03701,T03701,1,,
Q03702,T03702,1,5,4
Q03703,T03703,1,,
Q03704,T03704,1,3,0
Q03705,T03705,1,2,0
Q03706,T03706,1,,
Q03707,T03707,0,,
Q03708,T03708,1,,
Q03709,T03709,1,5,3
Q03710,T03710,1,,
Q03711,T03711,1,,
Q03712,T03712,1,5,2
Q03713,T03713,1,5,4
Q03714,T03714,0,,
Q03715,T03715,1,5,4
Q03716,T03716,1,,
Q03717,T03717,1,4,1
Q03718,T03718,1,2,4
Q03719,T03719,1,5,0
Q03720,T03720,1,,
Q03721,T03721,1,5,1
Q03722,T03722,1,,
Q03723,T03723,1,5,3
Q03724,T03724,1,4,4
Q03725,T03725,1,4,0
Q03726,T03726,1,5,4
Q03727,T03727,1,5,3
Q03728,T03728,1,2,3
Q03729,T03729,1,2,0
Q03730,T03730,1,,
Q03731,T03731,1,2,0
Q03732,T03732,0,,
Q03733,T03733,1,5,0
Q03734,T03734,1,,
Q03735,T03735,0,,
Q03736,T03736,0,,
Q03737,T03737,1,,
Q03738,T03738,1,4,1
Q03739,T03739,1,4,1
Q03740,T03740,0,,
Q03741,T03741,1,4,4
Q03742,T03742,1,5,1
Q03743,T03743,1,4,1
Q03744,T03744,0,,
Q03745,T03745,0,,
Q03746,T03746,0,,
Q03747,T03747,1,,
Q03748,T03748,1,,
Q03749,T03749,1,4,2
Q03750,T03750,1,5,3
Q03751,T03751,1,4,4
Q03752,T03752,1,5,0
Q03753,T03753,1,4,0
Q03754,T03754,1,,
Q03755,T03755,0,,
Q03756,T03756,0,,
Q03757,T03757,1,,
Q03758,T03758,1,,
Q03759,T03759,1,5,4
Q03760,T03760,1,,
Q03761,T03761,1,,
Q03762,T03762,1,4,0
Q03763,T03763,1,,
Q03764,T03764,1,,
Q03765,T03765,1,,
Q03766,T03766,1,4,2
Q03767,T03767,1,5,1
Q03768,T03768,1,5,2
Q03769,T03769,1,5,1
Q03770,T03770,1,4,3
Q03771,T03771,1,,
Q03772,T03772,1,,
Q03773,T03773,1,,
Q03774,T03774,1,5,1
Q03775,T03775,1,5,0
Q03776,T03776,0,,
Q03777,T03777,1,,
Q03778,T03778,1,5,0
Q03779,T03779,1,5,4
Q03780,T03780,0,,
Q03781,T03781,1,,
Q03782,T03782,1,4,4
Q03783,T03783,1,,
Q03784,T03784,1,4,2
Q03785,T03785,1,5,3
Q03786,T03786,1,3,3
Q03787,T03787,1,,
Q03788,T03788,1,,
Q03789,T03789,1,5,0
Q03790,T03790,1,,
Q03791,T03791,1,5,1
Q03792,T03792,1,,
Q03793,T03793,1,5,3
Q03794,T03794,1,5,0
Q03795,T03795,1,,
Q03796,T03796,1,4,2
Q03797,T03797,1,3,1
Q03798,T03798,1,4,3
Q03799,T03799,1,,
Q03800,T03800,1,3,4
Q03801,T03801,1,4,2
Q03802,T03802,1,,
Q03803,T03803,1,5,3
Q03804,T03804,0,,
Q03805,T03805,0,,
Q03806,T03806,1,4,4
Q03807,T03807,1,5,0
Q03808,T03808,1,2,2
Q03809,T03809,1,,
Q03810,T03810,1,5,4
Q03811,T03811,1,5,2
Q03812,T03812,0,,
Q03813,T03813,1,,
Q03814,T03814,1,5,0
Q03815,T03815,1,5,2
Q03816,T03816,1,3,3
Q03817,T03817,0,,
Q03818,T03818,0,,
Q03819,T03819,1,,
Q03820,T03820,1,3,0
Q03821,T03821,1,5,4
Q03822,T03822,1,,
Q03823,T03823,1,2,4
Q03824,T03824,1,,
Q03825,T03825,1,5,2
Q03826,T03826,0,,
Q03827,T03827,1,,
Q03828,T03828,1,4,4
Q03829,T03829,1,3,1
Q03830,T03830,1,5,1
Q03831,T03831,0,,
Q03832,T03832,1,5,1
Q03833,T03833,0,,
Q03834,T03834,1,2,0
Q03835,T03835,1,,
Q03836,T03836,0,,
Q03837,T03837,1,5,1
Q03838,T03838,0,,
Q03839,T03839,1,5,0
Q03840,T03840,0,,
Q03841,T03841,1,,
Q03842,T03842,1,,
Q03843,T03843,0,,
Q03844,T03844,1,3,3
Q03845,T03845,1,,
Q03846,T03846,1,5,1
Q03847,T03847,1,5,2
Q03848,T03848,1,,
Q03849,T03849,1,4,3
Q03850,T03850,0,,
Q03851,T03851,1,4,3
Q03852,T03852,1,,
Q03853,T03853,1,,
Q03854,T03854,1,2,0
Q03855,T03855,0,,
Q03856,T03856,1,5,2
Q03857,T03857,1,,
Q03858,T03858,1,5,2
Q03859,T03859,1,,
Q03860,T03860,1,,
Q03861,T03861,1,,
Q03862,T03862,1,5,1
Q03863,T03863,1,,
Q03864,T03864,0,,
Q03865,T03865,1,4,3
Q03866,T03866,1,,
Q03867,T03867,1,4,0
Q03868,T03868,1,,
Q03869,T03869,1,,
Q03870,T03870,0,,
Q03871,T03871,1,5,2
Q03872,T03872,1,2,3
Q03873,T03873,1,4,2
Q03874,T03874,1,5,3
Q03875,T03875,1,4,1
Q03876,T03876,1,4,2
Q03877,T03877,1,4,2
Q03878,T03878,1,,
Q03879,T03879,1,,
Q03880,T03880,1,5,4
Q03881,T03881,1,5,4
Q03882,T03882,1,3,1
Q03883,T03883,1,4,4
Q03884,T03884,1,4,0
Q03885,T03885,1,,
Q03886,T03886,1,4,0
Q03887,T03887,1,4,2
Q03888,T03888,1,,
Q03889,T03889,1,4,4
Q03890,T03890,1,,
Q03891,T03891,1,4,0
Q03892,T03892,1,5,3
Q03893,T03893,1,4,0
Q03894,T03894,0,,
Q03895,T03895,1,5,0
Q03896,T03896,0,,
Q03897,T03897,1,3,0
Q03898,T03898,1,5,1
Q03899,T03899,1,,
Q03900,T03900,1,,
Q03901,T03901,1,5,4
Q03902,T03902,1,5,3
Q03903,T03903,1,4,2
Q03904,T03904,1,,
Q03905,T03905,1,4,4
Q03906,T03906,1,,
Q03907,T03907,0,,
Q03908,T03908,1,4,0
Q03909,T03909,1,5,4
Q03910,T03910,1,5,2
Q03911,T03911,1,5,1
Q03912,T03912,1,5,4
Q03913,T03913,1,,
Q03914,T03914,1,2,1
Q03915,T03915,1,5,1
Q03916,T03916,0,,
Q03917,T03917,1,5,1
Q03918,T03918,1,5,1
Q03919,T03919,1,1,4
Q03920,T03920,1,5,1
Q03921,T03921,1,,
Q03922,T03922,1,,
Q03923,T03923,1,,
Q03924,T03924,1,5,0
Q03925,T03925,1,5,2
Q03926,T03926,1,4,1
Q03927,T03927,1,5,1
Q03928,T03928,1,5,1
Q03929,T03929,1,4,2
Q03930,T03930,1,,
Q03931,T03931,1,5,2
Q03932,T03932,1,5,1
Q03933,T03933,0,,
Q03934,T03934,0,,
Q03935,T03935,1,,
Q03936,T03936,1,,
Q03937,T03937,1,4,3
Q03938,T03938,1,2,3
Q03939,T03939,0,,
Q03940,T03940,1,5,1
Q03941,T03941,1,5,1
Q03942,T03942,1,,
Q03943,T03943,1,5,2
Q03944,T03944,1,2,2
Q03945,T03945,1,4,2
Q03946,T03946,0,,
Q03947,T03947,1,,
Q03948,T03948,1,,
Q03949,T03949,1,,
Q03950,T03950,1,5,3
Q03951,T03951,1,,
Q03952,T03952,1,5,2
Q03953,T03953,0,,
Q03954,T03954,1,,
Q03955,T03955,1,4,2
Q03956,T03956,0,,
Q03957,T03957,0,,
Q03958,T03958,1,5,0
Q03959,T03959,1,5,2
Q03960,T03960,1,5,2
Q03961,T03961,1,5,2
Q03962,T03962,1,4,0
Q03963,T03963,1,,
Q03964,T03964,1,5,1
Q03965,T03965,0,,
Q03966,T03966,1,5,0
Q03967,T03967,1,,
Q03968,T03968,1,4,1
Q03969,T03969,1,5,0
Q03970,T03970,1,4,3
Q03971,T03971,1,5,0
Q03972,T03972,1,4,2
Q03973,T03973,1,5,1
Q03974,T03974,0,,
Q03975,T03975,1,,
Q03976,T03976,1,5,1
Q03977,T03977,1,5,0
Q03978,T03978,1,4,2
Q03979,T03979,1,4,3
Q03980,T03980,1,,
Q03981,T03981,1,,
Q03982,T03982,1,5,4
Q03983,T03983,1,5,0
Q03984,T03984,1,,
Q03985,T03985,1,5,2
Q03986,T03986,1,5,4
Q03987,T03987,0,,
Q03988,T03988,1,,
Q03989,T03989,1,,
Q03990,T03990,1,5,3
Q03991,T03991,1,5,3
Q03992,T03992,1,5,1
Q03993,T03993,1,5,1
Q03994,T03994,1,4,1
Q03995,T03995,1,,
Q03996,T03996,1,5,4
Q03997,T03997,1,,
Q03998,T03998,0,,
Q03999,T03999,1,5,1
Q04000,T04000,1,5,4
Q04001,T04001,1,5,2
Q04002,T04002,0,,
Q04003,T04003,1,,
Q04004,T04004,1,5,1
Q04005,T04005,1,,
Q04006,T04006,1,,
Q04007,T04007,1,5,2
Q04008,T04008,1,5,1
Q04009,T04009,1,,
Q04010,T04010,1,,
Q04011,T04011,1,5,4
Q04012,T04012,1,4,4
Q04013,T04013,1,5,3
Q04014,T04014,1,5,4
Q04015,T04015,1,,
Q04016,T04016,1,,
Q04017,T04017,1,3,4
Q04018,T04018,1,4,3
Q04019,T04019,1,5,4
Q04020,T04020,0,,
Q04021,T04021,1,5,1
Q04022,T04022,1,4,1
Q04023,T04023,1,,
Q04024,T04024,0,,
Q04025,T04025,1,,
Q04026,T04026,1,,
Q04027,T04027,1,1,3
Q04028,T04028,1,,
Q04029,T04029,1,5,4
Q04030,T04030,1,,
Q04031,T04031,1,4,2
Q04032,T04032,1,5,1
Q04033,T04033,1,4,1
Q04034,T04034,1,4,3
Q04035,T04035,1,,
Q04036,T04036,0,,
Q04037,T04037,1,,
Q04038,T04038,1,5,0
Q04039,T04039,1,5,2
Q04040,T04040,1,,
Q04041,T04041,1,5,1
Q04042,T04042,0,,
Q04043,T04043,1,4,3
Q04044,T04044,1,,
Q04045,T04045,1,5,3
Q04046,T04046,1,5,2
Q04047,T04047,1,5,1
Q04048,T04048,1,5,4
Q04049,T04049,1,,
Q04050,T04050,0,,
Q04051,T04051,1,4,4
Q04052,T04052,1,,
Q04053,T04053,1,1,3
Q04054,T04054,1,,
Q04055,T04055,1,3,4
Q04056,T04056,1,5,3
Q04057,T04057,1,5,1
Q04058,T04058,1,4,1
Q04059,T04059,1,5,2
Q04060,T04060,1,5,2
Q04061,T04061,1,4,2
Q04062,T04062,1,,
Q04063,T04063,1,5,4
Q04064,T04064,1,1,1
Q04065,T04065,1,4,2
Q04066,T04066,1,,
Q04067,T04067,0,,
Q04068,T04068,1,,
Q04069,T04069,1,,
Q04070,T04070,1,5,4
Q04071,T04071,1,,
Q04072,T04072,1,,
Q04073,T04073,0,,
Q04074,T04074,1,5,1
Q04075,T04075,1,5,0
Q04076,T04076,1,,
Q04077,T04077,1,5,1
Q04078,T04078,1,3,0
Q04079,T04079,1,,
Q04080,T04080,1,3,0
Q04081,T04081,1,,
Q04082,T04082,1,4,0
Q04083,T04083,1,3,0
Q04084,T04084,1,5,3
Q04085,T04085,1,,
Q04086,T04086,1,,
Q04087,T04087,0,,
Q04088,T04088,1,5,4
Q04089,T04089,1,,
Q04090,T04090,1,,
Q04091,T04091,0,,
Q04092,T04092,1,2,0
Q04093,T04093,1,,
Q04094,T04094,1,,
Q04095,T04095,1,,
Q04096,T04096,1,,
Q04097,T04097,1,3,2
Q04098,T04098,1,,
Q04099,T04099,0,,
Q04100,T04100,1,4,4
Q04101,T04101,1,,
Q04102,T04102,1,2,4
Q04103,T04103,0,,
Q04104,T04104,0,,
Q04105,T04105,1,4,1
Q04106,T04106,1,5,2
Q04107,T04107,0,,
Q04108,T04108,1,4,3
Q04109,T04109,1,,
Q04110,T04110,1,5,3
Q04111,T04111,1,5,4
Q04112,T04112,0,,
Q04113,T04113,1,,
Q04114,T04114,1,4,4
Q04115,T04115,1,5,2
Q04116,T04116,1,5,3
Q04117,T04117,1,4,0
Q04118,T04118,1,,
Q04119,T04119,1,5,4
Q04120,T04120,1,,
Q04121,T04121,1,5,1
Q04122,T04122,1,5,4
Q04123,T04123,1,5,1
Q04124,T04124,1,5,3
Q04125,T04125,1,5,2
Q04126,T04126,1,4,3
Q04127,T04127,1,3,3
Q04128,T04128,1,5,4
Q04129,T04129,1,5,3
Q04130,T04130,1,3,3
Q04131,T04131,1,2,3
Q04132,T04132,1,4,0
Q04133,T04133,1,,
Q04134,T04134,1,,
Q04135,T04135,1,5,2
Q04136,T04136,0,,
Q04137,T04137,1,4,0
Q04138,T04138,1,,
Q04139,T04139,1,5,1
Q04140,T04140,1,5,0
Q04141,T04141,1,,
Q04142,T04142,1,4,2
Q04143,T04143,1,,
Q04144,T04144,1,5,4
Q04145,T04145,1,5,0
Q04146,T04146,1,3,0
Q04147,T04147,1,3,2
Q04148,T04148,1,5,3
Q04149,T04149,1,,
Q04150,T04150,1,,
Q04151,T04151,1,,
Q04152,T04152,1,,
Q04153,T04153,0,,
Q04154,T04154,1,,
Q04155,T04155,1,4,3
Q04156,T04156,1,4,2
Q04157,T04157,1,,
Q04158,T04158,1,,
Q04159,T04159,1,,
Q04160,T04160,1,5,4
Q04161,T04161,0,,
Q04162,T04162,1,5,3
Q04163,T04163,1,4,1
Q04164,T04164,1,4,3
Q04165,T04165,1,,
Q04166,T04166,1,5,4
Q04167,T04167,1,4,0
Q04168,T04168,1,5,2
Q04169,T04169,0,,
Q04170,T04170,1,5,4
Q04171,T04171,1,4,3
Q04172,T04172,1,5,4
Q04173,T04173,1,2,1
Q04174,T04174,1,4,1
Q04175,T04175,1,5,4
Q04176,T04176,0,,
Q04177,T04177,1,2,0
Q04178,T04178,1,,
Q04179,T04179,1,,
Q04180,T04180,1,2,3
Q04181,T04181,1,4,2
Q04182,T04182,1,,
Q04183,T04183,1,5,0
Q04184,T04184,1,,
Q04185,T04185,1,,
Q04186,T04186,1,,
Q04187,T04187,1,4,3
Q04188,T04188,1,4,1
Q04189,T04189,1,,
Q04190,T04190,1,,
Q04191,T04191,0,,
Q04192,T04192,1,5,3
Q04193,T04193,0,,
Q04194,T04194,0,,
Q04195,T04195,1,,
Q04196,T04196,1,4,1
Q04197,T04197,1,4,0
Q04198,T04198,1,,
Q04199,T04199,0,,
Q04200,T04200,1,,
Q04201,T04201,1,5,0
Q04202,T04202,1,5,0
Q04203,T04203,1,,
Q04204,T04204,1,5,2
Q04205,T04205,0,,
Q04206,T04206,1,3,2
Q04207,T04207,1,5,3
Q04208,T04208,0,,
Q04209,T04209,1,4,2
Q04210,T04210,1,5,4
Q04211,T04211,1,5,4
Q04212,T04212,1,,
Q04213,T04213,1,5,1
Q04214,T04214,1,4,0
Q04215,T04215,1,4,1
Q04216,T04216,1,,
Q04217,T04217,1,,
Q04218,T04218,1,4,3
Q04219,T04219,1,4,1
Q04220,T04220,1,5,2
Q04221,T04221,1,5,4
Q04222,T04222,1,5,3
Q04223,T04223,1,4,4
Q04224,T04224,1,5,3
Q04225,T04225,1,5,0
Q04226,T04226,1,,
Q04227,T04227,1,,
Q04228,T04228,0,,
Q04229,T04229,1,2,2
Q04230,T04230,1,,
Q04231,T04231,0,,
Q04232,T04232,1,5,2
Q04233,T04233,1,4,4
Q04234,T04234,1,2,2
Q04235,T04235,1,5,3
Q04236,T04236,1,,
Q04237,T04237,1,3,1
Q04238,T04238,1,5,3
Q04239,T04239,0,,
Q04240,T04240,1,,
Q04241,T04241,0,,
Q04242,T04242,1,,
Q04243,T04243,1,5,2
Q04244,T04244,1,5,0
Q04245,T04245,1,3,0
Q04246,T04246,1,,
Q04247,T04247,1,5,0
Q04248,T04248,1,2,4
Q04249,T04249,1,,
Q04250,T04250,1,3,3
Q04251,T04251,0,,
Q04252,T04252,1,,
Q04253,T04253,1,4,1
Q04254,T04254,1,,
Q04255,T04255,1,5,3
Q04256,T04256,1,5,3
Q04257,T04257,1,4,1
Q04258,T04258,0,,
Q04259,T04259,1,,
Q04260,T04260,1,5,2
Q04261,T04261,1,4,2
Q04262,T04262,1,4,4
Q04263,T04263,1,,
Q04264,T04264,1,3,2
Q04265,T04265,1,,
Q04266,T04266,1,,
Q04267,T04267,1,,
Q04268,T04268,1,,
Q04269,T04269,1,,
Q04270,T04270,0,,
Q04271,T04271,1,,
Q04272,T04272,0,,
Q04273,T04273,1,5,2
Q04274,T04274,1,5,0
Q04275,T04275,1,,
Q04276,T04276,0,,
Q04277,T04277,1,5,4
Q04278,T04278,1,3,4
Q04279,T04279,1,3,1
Q04280,T04280,1,,
Q04281,T04281,1,,
Q04282,T04282,1,5,2
Q04283,T04283,1,5,0
Q04284,T04284,1,,
Q04285,T04285,1,5,3
Q04286,T04286,1,4,1
Q04287,T04287,1,4,0
Q04288,T04288,1,5,3
Q04289,T04289,1,,
Q04290,T04290,1,,
Q04291,T04291,1,,
Q04292,T04292,1,5,1
Q04293,T04293,1,5,0
Q04294,T04294,1,,
Q04295,T04295,1,3,3
Q04296,T04296,0,,
Q04297,T04297,1,5,1
Q04298,T04298,1,5,1
Q04299,T04299,1,2,1
Q04300,T04300,1,,
Q04301,T04301,1,5,4
Q04302,T04302,1,,
Q04303,T04303,0,,
Q04304,T04304,1,4,2
Q04305,T04305,1,5,3
Q04306,T04306,1,5,4
Q04307,T04307,0,,
Q04308,T04308,1,,
Q04309,T04309,1,,
Q04310,T04310,1,,
Q04311,T04311,1,,
Q04312,T04312,1,,
Q04313,T04313,1,5,4
Q04314,T04314,1,5,1
Q04315,T04315,1,5,4
Q04316,T04316,1,,
Q04317,T04317,1,,
Q04318,T04318,1,4,0
Q04319,T04319,1,5,1
Q04320,T04320,1,5,2
Q04321,T04321,0,,
Q04322,T04322,1,,
Q04323,T04323,0,,
Q04324,T04324,1,,
Q04325,T04325,1,,
Q04326,T04326,1,5,4
Q04327,T04327,1,5,4
Q04328,T04328,1,,
Q04329,T04329,1,5,3
Q04330,T04330,1,3,0
Q04331,T04331,1,,
Q04332,T04332,1,3,2
Q04333,T04333,1,5,0
Q04334,T04334,1,5,1
Q04335,T04335,1,,
Q04336,T04336,1,3,4
Q04337,T04337,1,5,3
Q04338,T04338,1,,
Q04339,T04339,1,,
Q04340,T04340,1,5,2
Q04341,T04341,1,5,4
Q04342,T04342,0,,
Q04343,T04343,1,3,2
Q04344,T04344,0,,
Q04345,T04345,0,,
Q04346,T04346,1,,
Q04347,T04347,1,4,4
Q04348,T04348,1,,
Q04349,T04349,1,,
Q04350,T04350,1,,
Q04351,T04351,1,,
Q04352,T04352,1,5,2
Q04353,T04353,0,,
Q04354,T04354,1,,
Q04355,T04355,1,,
Q04356,T04356,1,5,1
Q04357,T04357,1,,
Q04358,T04358,1,5,4
Q04359,T04359,1,,
Q04360,T04360,1,,
Q04361,T04361,1,,
Q04362,T04362,1,,
Q04363,T04363,1,5,4
Q04364,T04364,1,5,1
Q04365,T04365,1,2,3
Q04366,T04366,1,,
Q04367,T04367,1,5,4
Q04368,T04368,0,,
Q04369,T04369,1,4,2
Q04370,T04370,1,,
Q04371,T04371,1,,
Q04372,T04372,1,5,1
Q04373,T04373,1,3,4
Q04374,T04374,1,,
Q04375,T04375,1,4,3
Q04376,T04376,1,3,3
Q04377,T04377,1,5,2
Q04378,T04378,1,,
Q04379,T04379,1,,
Q04380,T04380,1,5,1
Q04381,T04381,1,4,2
Q04382,T04382,1,5,2
Q04383,T04383,1,3,2
Q04384,T04384,1,,
Q04385,T04385,1,5,4
Q04386,T04386,1,4,2
Q04387,T04387,1,4,2
Q04388,T04388,1,5,2
Q04389,T04389,1,4,3
Q04390,T04390,1,4,3
Q04391,T04391,1,,
Q04392,T04392,1,,
Q04393,T04393,1,5,0
Q04394,T04394,1,4,1
Q04395,T04395,1,2,0
Q04396,T04396,1,3,0
Q04397,T04397,1,,
Q04398,T04398,1,5,4
Q04399,T04399,0,,
Q04400,T04400,1,,
Q04401,T04401,1,5,3
Q04402,T04402,1,5,0
Q04403,T04403,1,4,2
Q04404,T04404,0,,
Q04405,T04405,1,,
Q04406,T04406,1,5,2
Q04407,T04407,1,5,0
Q04408,T04408,1,5,4
Q04409,T04409,1,4,3
Q04410,T04410,1,5,0
Q04411,T04411,1,4,1
Q04412,T04412,1,5,1
Q04413,T04413,1,5,2
Q04414,T04414,1,,
Q04415,T04415,0,,
Q04416,T04416,1,,
Q04417,T04417,1,4,4
Q04418,T04418,1,,
Q04419,T04419,1,3,4
Q04420,T04420,1,2,3
Q04421,T04421,1,,
Q04422,T04422,1,5,3
Q04423,T04423,1,5,4
Q04424,T04424,1,4,1
Q04425,T04425,1,,
Q04426,T04426,1,,
Q04427,T04427,1,3,3
Q04428,T04428,1,4,3
Q04429,T04429,1,4,1
Q04430,T04430,1,4,2
Q04431,T04431,1,4,4
Q04432,T04432,1,,
Q04433,T04433,1,,
Q04434,T04434,1,5,1
Q04435,T04435,1,4,3
Q04436,T04436,1,5,2
Q04437,T04437,1,4,0
Q04438,T04438,1,5,1
Q04439,T04439,1,5,4
Q04440,T04440,1,5,3
Q04441,T04441,1,,
Q04442,T04442,1,5,1
Q04443,T04443,1,4,4
Q04444,T04444,1,,
Q04445,T04445,1,,
Q04446,T04446,1,5,1
Q04447,T04447,1,3,3
Q04448,T04448,1,,
Q04449,T04449,1,,
Q04450,T04450,1,4,4
Q04451,T04451,1,5,1
Q04452,T04452,1,5,1
Q04453,T04453,0,,
Q04454,T04454,1,5,1
Q04455,T04455,1,,
Q04456,T04456,1,3,3
Q04457,T04457,1,4,0
Q04458,T04458,0,,
Q04459,T04459,1,4,0
Q04460,T04460,1,5,4
Q04461,T04461,1,5,1
Q04462,T04462,1,5,1
Q04463,T04463,0,,
Q04464,T04464,1,5,1
Q04465,T04465,0,,
Q04466,T04466,0,,
Q04467,T04467,1,5,2
Q04468,T04468,1,5,1
Q04469,T04469,1,,
Q04470,T04470,1,4,1
Q04471,T04471,1,5,3
Q04472,T04472,1,4,1
Q04473,T04473,1,4,3
Q04474,T04474,1,5,2
Q04475,T04475,1,5,1
Q04476,T04476,1,4,0
Q04477,T04477,1,5,0
Q04478,T04478,1,,
Q04479,T04479,1,4,4
Q04480,T04480,1,4,0
Q04481,T04481,1,4,1
Q04482,T04482,1,3,1
Q04483,T04483,1,,
Q04484,T04484,1,5,2
Q04485,T04485,1,5,3
Q04486,T04486,0,,
Q04487,T04487,1,5,3
Q04488,T04488,0,,
Q04489,T04489,1,5,1
Q04490,T04490,1,4,2
Q04491,T04491,1,5,3
Q04492,T04492,1,,
Q04493,T04493,1,,
Q04494,T04494,1,5,3
Q04495,T04495,1,5,2
Q04496,T04496,0,,
Q04497,T04497,1,,
Q04498,T04498,1,4,4
Q04499,T04499,1,3,0
Q04500,T04500,1,5,3
Q04501,T04501,1,,
Q04502,T04502,1,5,3
Q04503,T04503,1,5,3
Q04504,T04504,1,5,3
Q04505,T04505,1,,
Q04506,T04506,1,4,2
Q04507,T04507,1,5,0
Q04508,T04508,1,5,4
Q04509,T04509,1,4,2
Q04510,T04510,1,5,4
Q04511,T04511,0,,
Q04512,T04512,1,4,2
Q04513,T04513,1,5,0
Q04514,T04514,0,,
Q04515,T04515,1,4,0
Q04516,T04516,1,,
Q04517,T04517,1,5,1
Q04518,T04518,1,,
Q04519,T04519,1,4,3
Q04520,T04520,1,5,2
Q04521,T04521,1,5,2
Q04522,T04522,1,,
Q04523,T04523,1,3,3
Q04524,T04524,1,,
Q04525,T04525,1,4,0
Q04526,T04526,1,5,3
Q04527,T04527,1,4,2
Q04528,T04528,1,5,1
Q04529,T04529,1,5,0
Q04530,T04530,1,,
Q04531,T04531,1,5,1
Q04532,T04532,1,3,2
Q04533,T04533,1,,
Q04534,T04534,1,3,1
Q04535,T04535,1,,
Q04536,T04536,1,,
Q04537,T04537,1,5,3
Q04538,T04538,1,4,3
Q04539,T04539,1,,
Q04540,T04540,0,,
Q04541,T04541,1,4,3
Q04542,T04542,1,4,1
Q04543,T04543,1,4,1
Q04544,T04544,1,,
Q04545,T04545,1,5,3
Q04546,T04546,1,5,0
Q04547,T04547,1,5,4
Q04548,T04548,1,,
Q04549,T04549,1,,
Q04550,T04550,1,5,2
Q04551,T04551,1,5,2
Q04552,T04552,1,,
Q04553,T04553,1,,
Q04554,T04554,1,4,4
Q04555,T04555,1,,
Q04556,T04556,1,,
Q04557,T04557,1,4,3
Q04558,T04558,0,,
Q04559,T04559,1,4,2
Q04560,T04560,1,1,3
Q04561,T04561,1,4,3
Q04562,T04562,1,,
Q04563,T04563,1,,
Q04564,T04564,1,4,2
Q04565,T04565,1,,
Q04566,T04566,0,,
Q04567,T04567,1,4,1
Q04568,T04568,1,,
Q04569,T04569,0,,
Q04570,T04570,1,4,0
Q04571,T04571,1,,
Q04572,T04572,1,,
Q04573,T04573,1,,
Q04574,T04574,1,4,3
Q04575,T04575,1,5,1
Q04576,T04576,1,5,2
Q04577,T04577,1,5,4
Q04578,T04578,1,5,3
Q04579,T04579,1,4,1
Q04580,T04580,1,5,4
Q04581,T04581,1,4,3
Q04582,T04582,1,5,0
Q04583,T04583,1,5,1
Q04584,T04584,1,4,1
Q04585,T04585,1,,
Q04586,T04586,1,,
Q04587,T04587,1,,
Q04588,T04588,1,,
Q04589,T04589,1,4,4
Q04590,T04590,1,4,2
Q04591,T04591,1,,
Q04592,T04592,0,,
Q04593,T04593,0,,
Q04594,T04594,1,,
Q04595,T04595,1,5,0
Q04596,T04596,1,5,2
Q04597,T04597,0,,
Q04598,T04598,1,5,0
Q04599,T04599,1,,
Q04600,T04600,1,,
Q04601,T04601,0,,
Q04602,T04602,1,4,3
Q04603,T04603,1,5,1
Q04604,T04604,1,5,3
Q04605,T04605,1,5,2
Q04606,T04606,1,,
Q04607,T04607,1,,
Q04608,T04608,1,,
Q04609,T04609,1,5,4
Q04610,T04610,1,5,3
Q04611,T04611,1,4,4
Q04612,T04612,1,4,4
Q04613,T04613,1,5,4
Q04614,T04614,1,,
Q04615,T04615,1,5,1
Q04616,T04616,1,3,0
Q04617,T04617,1,5,4
Q04618,T04618,1,,
Q04619,T04619,1,4,4
Q04620,T04620,1,,
Q04621,T04621,1,5,2
Q04622,T04622,0,,
Q04623,T04623,1,4,1
Q04624,T04624,1,5,1
Q04625,T04625,1,4,3
Q04626,T04626,1,4,0
Q04627,T04627,0,,
Q04628,T04628,1,4,1
Q04629,T04629,1,,
Q04630,T04630,1,5,2
Q04631,T04631,1,5,2
Q04632,T04632,1,5,2
Q04633,T04633,0,,
Q04634,T04634,1,,
Q04635,T04635,1,5,2
Q04636,T04636,1,3,2
Q04637,T04637,1,4,3
Q04638,T04638,1,,
Q04639,T04639,1,4,0
Q04640,T04640,1,5,0
Q04641,T04641,1,,
Q04642,T04642,1,5,3
Q04643,T04643,1,4,1
Q04644,T04644,1,5,3
Q04645,T04645,1,4,1
Q04646,T04646,1,5,3
Q04647,T04647,1,,
Q04648,T04648,1,5,1
Q04649,T04649,1,5,2
Q04650,T04650,1,5,4
Q04651,T04651,1,,
Q04652,T04652,0,,
Q04653,T04653,1,4,3
Q04654,T04654,1,5,2
Q04655,T04655,1,,
Q04656,T04656,1,5,2
Q04657,T04657,1,,
Q04658,T04658,1,5,3
Q04659,T04659,1,4,2
Q04660,T04660,1,,
Q04661,T04661,1,4,4
Q04662,T04662,1,5,3
Q04663,T04663,1,4,3
Q04664,T04664,1,5,1
Q04665,T04665,1,,
Q04666,T04666,0,,
Q04667,T04667,1,5,0
Q04668,T04668,1,5,4
Q04669,T04669,1,,
Q04670,T04670,1,,
Q04671,T04671,1,5,3
Q04672,T04672,1,5,4
Q04673,T04673,1,,
Q04674,T04674,1,5,1
Q04675,T04675,1,,
Q04676,T04676,1,5,1
Q04677,T04677,1,5,3
Q04678,T04678,1,5,2
Q04679,T04679,1,5,4
Q04680,T04680,1,5,2
Q04681,T04681,0,,
Q04682,T04682,1,5,4
Q04683,T04683,1,,
Q04684,T04684,1,5,4
Q04685,T04685,1,5,2
Q04686,T04686,1,,
Q04687,T04687,1,4,3
Q04688,T04688,1,,
Q04689,T04689,1,,
Q04690,T04690,1,,
Q04691,T04691,1,5,3
Q04692,T04692,1,,
Q04693,T04693,1,,
Q04694,T04694,1,4,3
Q04695,T04695,1,5,3
Q04696,T04696,1,,
Q04697,T04697,0,,
Q04698,T04698,1,,
Q04699,T04699,0,,
Q04700,T04700,1,4,4
Q04701,T04701,1,,
Q04702,T04702,1,4,1
Q04703,T04703,1,5,2
Q04704,T04704,1,5,0
Q04705,T04705,1,5,3
Q04706,T04706,1,5,0
Q04707,T04707,1,,
Q04708,T04708,1,,
Q04709,T04709,1,4,0
Q04710,T04710,1,,
Q04711,T04711,1,,
Q04712,T04712,1,4,1
Q04713,T04713,0,,
Q04714,T04714,1,,
Q04715,T04715,1,,
Q04716,T04716,1,5,4
Q04717,T04717,1,5,4
Q04718,T04718,1,,
Q04719,T04719,1,5,1
Q04720,T04720,1,4,0
Q04721,T04721,1,5,3
Q04722,T04722,1,,
Q04723,T04723,1,,
Q04724,T04724,1,5,1
Q04725,T04725,1,4,4
Q04726,T04726,0,,
Q04727,T04727,1,,
Q04728,T04728,1,5,2
Q04729,T04729,1,,
Q04730,T04730,1,,
Q04731,T04731,1,5,0
Q04732,T04732,1,5,1
Q04733,T04733,1,4,4
Q04734,T04734,1,4,3
Q04735,T04735,1,5,0
Q04736,T04736,1,5,3
Q04737,T04737,1,5,0
Q04738,T04738,1,,
Q04739,T04739,1,4,2
Q04740,T04740,1,5,1
Q04741,T04741,1,5,3
Q04742,T04742,1,4,2
Q04743,T04743,1,3,1
Q04744,T04744,0,,
Q04745,T04745,1,,
Q04746,T04746,1,5,1
Q04747,T04747,1,,
Q04748,T04748,1,,
Q04749,T04749,0,,
Q04750,T04750,1,3,3
Q04751,T04751,1,4,2
Q04752,T04752,0,,
Q04753,T04753,1,,
Q04754,T04754,1,3,3
Q04755,T04755,1,,
Q04756,T04756,0,,
Q04757,T04757,1,5,1
Q04758,T04758,1,5,1
Q04759,T04759,1,4,1
Q04760,T04760,1,4,1
Q04761,T04761,1,,
Q04762,T04762,1,5,3
Q04763,T04763,1,5,2
Q04764,T04764,1,5,4
Q04765,T04765,1,4,3
Q04766,T04766,1,,
Q04767,T04767,1,5,4
Q04768,T04768,1,3,1
Q04769,T04769,1,,
Q04770,T04770,1,,
Q04771,T04771,1,2,0
Q04772,T04772,1,,
Q04773,T04773,1,5,2
Q04774,T04774,1,,
Q04775,T04775,0,,
Q04776,T04776,1,,
Q04777,T04777,1,5,1
Q04778,T04778,0,,
Q04779,T04779,1,5,0
Q04780,T04780,1,5,1
Q04781,T04781,1,5,4
Q04782,T04782,1,5,2
Q04783,T04783,1,5,0
Q04784,T04784,1,,
Q04785,T04785,1,5,3
Q04786,T04786,1,5,4
Q04787,T04787,0,,
Q04788,T04788,1,,
Q04789,T04789,1,3,4
Q04790,T04790,1,5,4
Q04791,T04791,1,,
Q04792,T04792,1,4,2
Q04793,T04793,0,,
Q04794,T04794,1,1,3
Q04795,T04795,1,5,3
Q04796,T04796,1,4,0
Q04797,T04797,1,5,3
Q04798,T04798,1,3,3
Q04799,T04799,1,4,0
Q04800,T04800,0,,
