ticket_id,person_id,date,arrival_period,window_id,business_code,appointment,wait_minutes,service_minutes,abandoned,completed_same_day,wait_unit,export_revision
T03601,P2695,2026-04-13,下午,A1,case,0,648.0,17.67,0,1,second,1
T03601,P2695,2026-04-13,下午,A1,case,0,648.0,17.67,0,1,second,1
T03602,P2583,2026-04-13,上午,A2,case,1,18.97,16.83,0,1,minute,1
T03603,P2518,2026-04-13,下午,UNKNOWN,case,0,9.15,2.52,0,0,minute,1
T03604,P0608,2026-04-13,下午,A2,basic,0,5.41,6.53,0,1,minute,1
T03604,P0608,2026-04-13,下午,A2,basic,0,4.87,6.53,0,1,minute,2
T03605,P0670,2026-04-13,上午,A1,case,0,16.34,11.92,0,,minute,1
T03606,P0509,2026-04-13,下午,A2,case,1,999,33.15,0,1,minute,1
T03607,P0804,2026-04-13,上午,A1,case,1,33.68,22.32,0,1,minute,1
T03608,P1364,2026-04-13,上午,A2,,1,12.47,19.56,0,0,minute,1
T03609,P2634,2026-04-13,下午,A1,case,1,-1,41.06,0,0,minute,1
T03610,P0432,2026-04-13,下午,A2,case,0,16.14,33.61,0,1,minute,1
T03611,P0436,2026-04-13,上午,A1,case,0,49.82,10.7,0,1,minute,1
T03612,P0592,2026-04-13,上午,A2,case,1,35.02,,1,0,minute,1
T03613,P1480,2026-04-13,上午,A1,case,0,31.42,13.59,0,1,minute,1
T03614,P0521,2026-04-13,上午,A2,case,0,31.63,,1,0,minute,1
T03615,P0731,2026-04-13,下午,A1,case,0,36.53,15.67,0,1,minute,1
T03616,P0053,2026-04-13,上午,A2,case,0,24.17,12.64,0,0,minute,1
T03617,P1606,2026-04-13,上午,A1,case,0,16.29,16.88,0,1,minute,1
T03618,P1776,2026-04-13,下午,A2,case,0,8.0,19.69,0,0,minute,1
T03619,P2598,2026-04-13,上午,A1,case,0,20.43,16.04,0,1,minute,1
T03620,P1703,2026-04-13,下午,A2,case,1,3.76,31.29,0,1,minute,1
T03621,P1166,2026-04-13,上午,A1,case,0,21.16,5.29,0,1,minute,1
T03622,P2395,2026-04-13,下午,A2,case,0,46.39,24.83,0,0,minute,1
T03623,P2200,2026-04-13,上午,A1,basic,1,5.79,2.19,0,1,minute,1
T03624,P2343,2026-04-13,下午,A2,case,0,14.98,11.41,0,0,minute,1
T03625,P0926,2026-04-13,下午,A1,case,1,7.57,11.89,0,1,minute,1
T03626,P0446,2026-04-13,上午,A2,case,0,33.21,5.77,0,1,minute,1
T03627,P0652,2026-04-13,上午,A1,case,0,11.76,24.34,0,1,minute,1
T03628,P1307,2026-04-13,下午,A2,case,0,13.28,31.35,0,1,minute,1
T03629,P2355,2026-04-13,上午,A1,basic,0,79.79,3.97,0,1,minute,1
T03630,P2146,2026-04-13,上午,A2,case,1,1314.0,15.66,0,1,second,1
T03631,P1549,2026-04-13,下午,A1,case,0,13.79,13.3,0,1,minute,1
T03632,P1963,2026-04-13,上午,A2,case,1,7.96,7.99,0,1,minute,1
T03632,P1963,2026-04-13,上午,A2,case,1,7.96,7.99,0,1,minute,1
T03633,P1666,2026-04-13,下午,A1,case,1,17.16,12.07,0,1,minute,1
T03634,P0579,2026-04-13,上午,A2,case,0,23.44,5.14,0,1,minute,1
T03635,P1093,2026-04-13,上午,A1,case,0,8.21,9.25,0,1,minute,1
T03636,P1009,2026-04-13,上午,A2,case,0,32.56,5.22,0,1,minute,1
T03637,P1208,2026-04-13,上午,A1,basic,1,7.36,3.41,0,1,minute,1
T03638,P1943,2026-04-13,下午,A2,case,0,5.15,30.54,0,1,minute,1
T03639,P2325,2026-04-13,上午,A1,case,1,9.47,17.8,0,0,minute,1
T03640,P0453,2026-04-13,上午,A2,case,1,8.84,16.79,0,1,minute,1
T03641,P1870,2026-04-13,下午,B1,basic,0,12.89,4.68,0,1,minute,1
T03642,P2609,2026-04-13,上午,B2,basic,1,13.26,6.59,0,1,minute,1
T03643,P0080,2026-04-13,下午,B1,basic,0,7.85,4.6,0,1,minute,1
T03644,P1089,2026-04-13,下午,B2,case,0,25.01,15.6,0,1,minute,1
T03645,P0836,2026-04-13,上午,B1,basic,1,5.36,3.49,0,0,minute,1
T03646,P2518,2026-04-13,下午,B2,basic,0,3.35,7.14,0,1,minute,1
T03647,P1563,2026-04-13,下午,B1,basic,0,8.69,4.03,0,1,minute,1
T03648,P2283,2026-04-13,下午,B2,case,0,24.8,20.78,0,0,minute,1
T03649,P1946,2026-04-13,下午,B1,case,0,15.26,13.83,0,1,minute,1
T03650,P1746,2026-04-13,下午,B2,basic,0,18.13,15.35,0,1,minute,1
T03651,P1341,2026-04-13,上午,B1,basic,1,11.32,7.19,0,1,minute,1
T03651,P1341,2026-04-13,上午,B1,basic,1,10.19,7.19,0,1,minute,2
T03652,P0887,2026-04-13,上午,B2,case,0,35.96,9.9,0,0,minute,1
T03653,P0370,2026-04-13,上午,B1,basic,1,12.8,4.81,0,1,minute,1
T03654,P0479,2026-04-13,下午,B2,basic,1,3.15,5.93,0,1,minute,1
T03655,P1228,2026-04-13,上午,B1,basic,1,10.1,3.35,0,1,minute,1
T03656,P0060,2026-04-13,上午,B2,basic,1,14.33,8.22,0,1,minute,1
T03657,P2546,2026-04-13,下午,B1,basic,0,7.09,8.0,0,1,minute,1
T03658,P1533,2026-04-13,上午,B2,basic,0,15.91,7.9,0,1,minute,1
T03659,P1996,2026-04-13,上午,B1,basic,0,415.2,1.76,0,0,second,1
T03660,P1978,2026-04-13,上午,B2,basic,0,8.46,10.69,0,1,minute,1
T03661,P2179,2026-04-13,上午,B1,basic,0,14.56,12.04,0,1,minute,1
T03662,P1586,2026-04-13,上午,B2,basic,0,3.75,6.73,0,1,minute,1
T03663,P2083,2026-04-13,上午,B1,basic,1,7.79,4.64,0,1,minute,1
T03663,P2083,2026-04-13,上午,B1,basic,1,7.79,4.64,0,1,minute,1
T03664,P1100,2026-04-13,下午,B2,basic,1,9.38,8.08,0,1,minute,1
T03665,P0479,2026-04-13,下午,B1,basic,0,5.39,8.43,0,1,minute,1
T03666,P1498,2026-04-13,下午,B2,basic,1,7.02,2.38,0,1,minute,1
T03667,P2684,2026-04-13,上午,B1,basic,1,6.04,5.26,0,1,minute,1
T03668,P0331,2026-04-13,下午,B2,case,1,6.28,23.59,0,1,minute,1
T03669,P0514,2026-04-13,下午,B1,basic,0,2.26,1.96,0,1,minute,1
T03670,P2330,2026-04-13,上午,B2,basic,0,9.27,4.92,0,1,minute,1
T03671,P1417,2026-04-13,下午,B1,case,0,24.86,16.07,0,0,minute,1
T03672,P0486,2026-04-13,上午,B2,case,0,9.82,30.65,0,1,minute,1
T03673,P1493,2026-04-13,上午,B1,basic,1,6.94,3.68,0,1,minute,1
T03674,P2478,2026-04-13,下午,B2,basic,0,25.35,2.62,0,1,minute,1
T03675,P2685,2026-04-13,上午,B1,basic,1,7.39,3.69,0,1,minute,1
T03676,P0522,2026-04-13,上午,B2,basic,1,39.98,4.35,0,1,minute,1
T03677,P2621,2026-04-13,上午,B1,case,0,63.37,5.74,0,0,minute,1
T03678,P0872,2026-04-13,上午,B2,basic,1,6.35,7.66,0,0,minute,1
T03679,P0386,2026-04-13,下午,B1,basic,1,5.18,4.69,0,1,minute,1
T03680,P1538,2026-04-13,上午,B2,basic,1,4.22,1.37,0,1,minute,1
T03681,P1562,2026-04-13,上午,C1,basic,1,3.18,3.62,0,1,minute,1
T03682,P0829,2026-04-13,下午,C2,case,0,11.28,17.61,0,1,minute,1
T03683,P1112,2026-04-13,上午,C1,case,0,46.31,,1,0,minute,1
T03684,P0770,2026-04-13,上午,C2,case,1,29.06,12.08,0,0,minute,1
T03685,P0369,2026-04-13,上午,C1,case,0,5.5,5.13,0,1,minute,1
T03686,P0654,2026-04-13,上午,C2,case,0,45.07,20.01,0,0,minute,1
T03687,P0733,2026-04-13,上午,C1,basic,1,12.43,6.62,0,1,minute,1
T03688,P0579,2026-04-13,上午,C2,basic,1,367.8,4.63,0,1,second,1
T03689,P1357,2026-04-13,上午,C1,case,0,24.11,17.5,0,1,minute,1
T03690,P0135,2026-04-13,下午,C2,case,0,20.99,28.59,0,0,minute,1
T03691,P1855,2026-04-13,上午,C1,basic,1,8.83,9.45,0,1,minute,1
T03692,P1521,2026-04-13,上午,C2,basic,0,14.32,10.68,0,1,minute,1
T03693,P1131,2026-04-13,下午,C1,case,0,24.03,16.71,0,1,minute,1
T03694,P0202,2026-04-13,上午,C2,basic,1,6.02,8.16,0,1,minute,1
T03694,P0202,2026-04-13,上午,C2,basic,1,6.02,8.16,0,1,minute,1
T03695,P0993,2026-04-13,上午,C1,case,0,34.8,6.41,0,1,minute,1
T03696,P0515,2026-04-13,下午,C2,case,0,20.49,21.06,0,1,minute,1
T03697,P0307,2026-04-13,上午,C1,case,0,53.98,32.74,0,1,minute,1
T03698,P1579,2026-04-13,下午,C2,case,0,11.31,12.93,0,1,minute,1
T03698,P1579,2026-04-13,下午,C2,case,0,10.18,12.93,0,1,minute,2
T03699,P2520,2026-04-13,上午,C1,case,1,20.04,17.92,0,1,minute,1
T03700,P1097,2026-04-13,上午,C2,basic,0,19.93,5.07,0,1,minute,1
T03701,P0203,2026-04-13,上午,C1,case,1,24.9,20.41,0,1,minute,1
T03702,P1137,2026-04-13,下午,C2,basic,1,2.02,3.04,0,1,minute,1
T03703,P2041,2026-04-13,上午,C1,case,1,19.04,19.3,0,0,minute,1
T03704,P0474,2026-04-13,上午,C2,case,1,24.57,20.3,0,1,minute,1
T03705,P2368,2026-04-13,上午,C1,case,0,18.62,10.36,0,1,minute,1
T03706,P1687,2026-04-13,上午,C2,basic,1,6.48,6.75,0,1,minute,1
T03707,P2140,2026-04-13,上午,C1,case,0,17.24,18.48,0,1,minute,1
T03708,P2165,2026-04-13,上午,C2,basic,0,4.56,13.14,0,1,minute,1
T03709,P1017,2026-04-13,上午,C1,case,0,9.94,17.49,0,1,minute,1
T03710,P0627,2026-04-13,上午,C2,case,0,32.87,4.81,0,1,minute,1
T03711,P1660,2026-04-13,下午,C1,case,0,26.43,,1,0,minute,1
T03712,P0130,2026-04-13,下午,C2,basic,0,5.24,12.65,0,1,minute,1
T03713,P2530,2026-04-13,下午,C1,case,0,15.4,5.75,0,1,minute,1
T03714,P0545,2026-04-13,下午,C2,case,0,24.02,16.86,0,0,minute,1
T03715,P0039,2026-04-13,下午,C1,basic,1,3.03,17.33,0,1,minute,1
T03716,P0911,2026-04-13,上午,C2,case,0,52.32,5.66,0,1,minute,1
T03717,P1535,2026-04-13,上午,C1,basic,1,584.4,4.59,0,1,second,1
T03718,P1031,2026-04-13,上午,C2,basic,0,6.63,4.08,0,1,minute,1
T03719,P1721,2026-04-13,上午,C1,basic,1,999,8.96,0,1,minute,1
T03720,P2163,2026-04-13,下午,C2,basic,0,15.25,7.56,0,1,minute,1
T03721,P2327,2026-04-14,上午,A1,basic,1,3.4,8.44,0,1,minute,1
T03722,P0780,2026-04-14,上午,A2,case,0,10.5,30.15,0,1,minute,1
T03723,P2167,2026-04-14,上午,A1,case,0,22.88,13.84,0,1,minute,1
T03724,P2159,2026-04-14,上午,A2,basic,1,3.5,5.45,0,1,minute,1
T03725,P0390,2026-04-14,下午,A1,basic,1,9.22,4.38,0,1,minute,1
T03725,P0390,2026-04-14,下午,A1,basic,1,9.22,4.38,0,1,minute,1
T03726,P2009,2026-04-14,下午,A2,basic,1,6.19,2.09,0,1,minute,1
T03727,P0285,2026-04-14,上午,A1,basic,1,4.58,8.51,0,1,minute,1
T03728,P1466,2026-04-14,上午,A2,case,0,14.95,11.58,0,0,minute,1
T03729,P2097,2026-04-14,上午,A1,case,0,54.59,,1,0,minute,1
T03730,P1070,2026-04-14,上午,A2,case,1,16.98,28.65,0,1,minute,1
T03731,P1337,2026-04-14,上午,A1,case,1,47.56,8.9,0,1,minute,1
T03732,P1832,2026-04-14,上午,A2,case,0,7.59,21.88,0,1,minute,1
T03733,P1694,2026-04-14,下午,A1,case,1,9.47,5.5,0,1,minute,1
T03734,P0354,2026-04-14,下午,A2,case,0,18.16,47.28,0,1,minute,1
T03735,P2360,2026-04-14,上午,A1,case,0,44.36,5.17,0,1,minute,1
T03736,P2254,2026-04-14,上午,A2,case,0,13.48,10.43,0,0,minute,1
T03737,P0731,2026-04-14,上午,A1,case,1,22.85,1.83,0,1,minute,1
T03738,P0585,2026-04-14,下午,A2,case,1,8.92,12.15,0,1,minute,1
T03739,P2344,2026-04-14,上午,A1,,0,16.15,3.26,0,0,minute,1
T03740,P1809,2026-04-14,上午,A2,basic,1,4.07,19.27,0,1,minute,1
T03741,P2263,2026-04-14,下午,A1,case,0,5.25,9.73,0,0,minute,1
T03742,P2664,2026-04-14,下午,A2,case,1,3.76,5.46,0,1,minute,1
T03743,P1372,2026-04-14,下午,A1,case,0,20.77,10.44,0,1,minute,1
T03744,P0867,2026-04-14,上午,A2,case,1,13.39,9.64,0,1,minute,1
T03745,P0918,2026-04-14,上午,A1,case,0,19.77,17.27,0,0,minute,1
T03745,P0918,2026-04-14,上午,A1,case,0,17.79,17.27,0,0,minute,2
T03746,P1292,2026-04-14,下午,A2,case,0,1018.2,12.89,0,1,second,1
T03747,P1590,2026-04-14,上午,A1,basic,1,7.32,10.2,0,1,minute,1
T03748,P2366,2026-04-14,下午,A2,case,0,11.05,20.78,0,1,minute,1
T03749,P0941,2026-04-14,上午,A1,case,0,16.17,14.61,0,1,minute,1
T03750,P0606,2026-04-14,上午,A2,case,0,6.55,6.08,0,1,minute,1
T03751,P1804,2026-04-14,下午,A1,case,0,6.78,25.17,0,1,minute,1
T03752,P0023,2026-04-14,上午,A2,case,1,9.02,23.37,0,0,minute,1
T03753,P1956,2026-04-14,上午,A1,case,0,20.09,20.58,0,1,minute,1
T03754,P0837,2026-04-14,下午,A2,case,0,12.6,8.7,0,1,minute,1
T03755,P2353,2026-04-14,下午,A1,case,1,6.82,14.97,0,1,minute,1
T03756,P0143,2026-04-14,下午,A2,case,0,10.42,16.38,0,1,minute,1
T03756,P0143,2026-04-14,下午,A2,case,0,10.42,16.38,0,1,minute,1
T03757,P0023,2026-04-14,上午,A1,case,0,27.44,,1,0,minute,1
T03758,P1592,2026-04-14,上午,A2,case,0,5.23,4.05,0,1,minute,1
T03759,P2583,2026-04-14,上午,A1,case,0,21.18,18.84,0,1,minute,1
T03760,P0539,2026-04-14,下午,A2,case,0,15.21,10.86,0,1,minute,1
T03761,P0787,2026-04-14,上午,B1,case,0,29.44,11.27,0,1,minute,1
T03762,P0588,2026-04-14,上午,B2,basic,1,6.91,5.05,0,1,minute,1
T03763,P1875,2026-04-14,上午,B1,basic,0,6.48,6.09,0,1,minute,1
T03764,P1749,2026-04-14,下午,B2,basic,1,13.54,2.99,0,1,minute,1
T03765,P2154,2026-04-14,上午,B1,basic,1,6.81,6.0,0,1,minute,1
T03766,P2520,2026-04-14,上午,B2,basic,0,-1,1.25,0,1,minute,1
T03767,P1425,2026-04-14,下午,B1,basic,0,5.76,3.77,0,1,minute,1
T03768,P2485,2026-04-14,上午,B2,basic,1,12.13,19.06,0,1,minute,1
T03769,P1333,2026-04-14,上午,B1,case,1,10.26,20.82,0,0,minute,1
T03770,P0979,2026-04-14,下午,B2,case,0,16.58,21.52,0,1,minute,1
T03771,P1879,2026-04-14,上午,B1,basic,1,11.37,4.94,0,0,minute,1
T03772,P1495,2026-04-14,下午,B2,basic,1,5.79,1.98,0,1,minute,1
T03773,P0858,2026-04-14,上午,B1,case,0,57.29,17.85,0,1,minute,1
T03774,P1765,2026-04-14,上午,B2,basic,0,3.32,17.01,0,1,minute,1
T03775,P0207,2026-04-14,上午,B1,basic,0,543.0,15.22,0,1,second,1
T03776,P1190,2026-04-14,上午,B2,basic,0,7.56,14.86,0,1,minute,1
T03777,P2434,2026-04-14,上午,B1,basic,1,6.19,5.31,0,1,minute,1
T03778,P2281,2026-04-14,下午,B2,basic,1,4.27,4.78,0,,minute,1
T03779,P0556,2026-04-14,下午,B1,case,0,14.25,17.55,0,1,minute,1
T03780,P0879,2026-04-14,上午,B2,basic,0,4.91,6.04,0,1,minute,1
T03781,P0301,2026-04-14,上午,B1,case,0,12.53,10.51,0,1,minute,1
T03782,P2052,2026-04-14,下午,B2,basic,1,2.97,5.06,0,1,minute,1
T03783,P2611,2026-04-14,上午,B1,basic,1,6.28,4.85,0,1,minute,1
T03784,P1654,2026-04-14,下午,B2,basic,1,7.36,10.73,0,1,minute,1
T03785,P0760,2026-04-14,上午,B1,basic,0,6.84,15.35,0,1,minute,1
T03786,P2560,2026-04-14,上午,B2,case,1,13.12,13.56,0,0,minute,1
T03787,P2656,2026-04-14,下午,B1,basic,0,3.02,5.23,0,1,minute,1
T03787,P2656,2026-04-14,下午,B1,basic,0,3.02,5.23,0,1,minute,1
T03788,P0293,2026-04-14,下午,B2,case,0,13.77,17.44,0,1,minute,1
T03789,P0094,2026-04-14,下午,B1,basic,1,3.48,13.28,0,1,minute,1
T03790,P1842,2026-04-14,上午,B2,basic,0,62.47,10.51,0,1,minute,1
T03791,P2059,2026-04-14,下午,B1,basic,0,3.39,2.25,0,1,minute,1
T03792,P1602,2026-04-14,上午,B2,basic,0,5.92,5.73,0,1,minute,1
T03792,P1602,2026-04-14,上午,B2,basic,0,5.33,5.73,0,1,minute,2
T03793,P0741,2026-04-14,下午,B1,basic,1,5.67,5.69,0,1,minute,1
T03794,P0253,2026-04-14,上午,B2,basic,0,8.5,7.91,0,1,minute,1
T03795,P2572,2026-04-14,上午,B1,basic,1,86.96,8.12,0,1,minute,1
T03796,P1908,2026-04-14,上午,B2,case,1,31.22,20.56,0,0,minute,1
T03797,P1414,2026-04-14,下午,B1,basic,1,1.54,5.01,0,1,minute,1
T03798,P2457,2026-04-14,下午,B2,basic,1,2.97,4.42,0,1,minute,1
T03799,P0499,2026-04-14,下午,B1,case,0,4.14,4.47,0,0,minute,1
T03800,P1198,2026-04-14,下午,UNKNOWN,basic,1,1.89,7.21,0,1,minute,1
T03801,P1832,2026-04-14,上午,C1,case,1,23.97,6.5,0,0,minute,1
T03802,P1789,2026-04-14,下午,C2,case,0,13.41,13.39,0,0,minute,1
T03803,P1255,2026-04-14,上午,C1,basic,1,5.86,9.16,0,1,minute,1
T03804,P2426,2026-04-14,下午,C2,basic,0,2454.0,,1,0,second,1
T03805,P1770,2026-04-14,上午,C1,case,0,38.19,,1,0,minute,1
T03806,P2569,2026-04-14,上午,C2,case,0,23.58,22.53,0,1,minute,1
T03807,P0721,2026-04-14,上午,C1,case,0,24.62,20.69,0,1,minute,1
T03808,P1944,2026-04-14,上午,C2,case,0,31.84,24.04,0,0,minute,1
T03809,P2418,2026-04-14,上午,C1,case,1,16.82,19.08,0,1,minute,1
T03810,P2174,2026-04-14,上午,C2,basic,0,21.5,14.98,0,1,minute,1
T03811,P0145,2026-04-14,上午,C1,case,1,23.57,3.41,0,1,minute,1
T03812,P1697,2026-04-14,上午,C2,case,0,71.8,,1,0,minute,1
T03813,P2461,2026-04-14,下午,C1,basic,0,14.75,11.44,0,1,minute,1
T03814,P1665,2026-04-14,下午,C2,basic,1,3.01,11.42,0,1,minute,1
T03815,P2171,2026-04-14,下午,C1,case,0,16.56,17.04,0,1,minute,1
T03816,P1273,2026-04-14,上午,C2,basic,0,15.3,3.99,0,0,minute,1
T03817,P1589,2026-04-14,下午,C1,basic,1,3.66,3.09,0,1,minute,1
T03818,P0737,2026-04-14,上午,C2,case,0,12.14,14.54,0,1,minute,1
T03818,P0737,2026-04-14,上午,C2,case,0,12.14,14.54,0,1,minute,1
T03819,P2221,2026-04-14,上午,C1,case,0,54.54,21.54,0,1,minute,1
T03820,P2609,2026-04-14,上午,C2,case,0,16.45,13.16,0,1,minute,1
T03821,P2569,2026-04-14,上午,C1,basic,1,5.5,4.45,0,1,minute,1
T03822,P1149,2026-04-14,上午,C2,case,0,103.68,30.51,0,0,minute,1
T03823,P1274,2026-04-14,上午,C1,case,0,31.77,2.79,0,0,minute,1
T03824,P1842,2026-04-14,上午,C2,basic,1,5.11,7.88,0,1,minute,1
T03825,P2158,2026-04-14,上午,C1,basic,0,5.96,2.98,0,1,minute,1
T03826,P1144,2026-04-14,上午,C2,case,0,50.41,,1,0,minute,1
T03827,P1783,2026-04-14,上午,C1,case,0,9.34,15.67,0,1,minute,1
T03828,P0035,2026-04-14,上午,C2,case,0,4.49,63.47,0,0,minute,1
T03829,P0936,2026-04-14,上午,C1,case,1,14.27,16.1,0,0,minute,1
T03830,P0887,2026-04-14,下午,C2,case,1,17.23,7.76,0,1,minute,1
T03831,P1204,2026-04-14,上午,C1,basic,1,11.84,2.11,0,1,minute,1
T03832,P2103,2026-04-14,下午,C2,basic,0,999,7.14,0,1,minute,1
T03833,P0673,2026-04-14,下午,C1,case,1,1426.2,21.64,0,1,second,1
T03834,P1060,2026-04-14,上午,C2,case,1,59.68,33.27,0,1,minute,1
T03835,P0575,2026-04-14,上午,C1,case,0,26.98,,1,0,minute,1
T03836,P2295,2026-04-14,上午,C2,case,0,21.39,22.29,0,1,minute,1
T03837,P1618,2026-04-14,上午,C1,basic,1,2.49,5.77,0,1,minute,1
T03838,P2348,2026-04-14,上午,C2,basic,1,12.12,6.13,0,1,minute,1
T03839,P2327,2026-04-14,下午,C1,basic,1,3.11,5.28,0,1,minute,1
T03839,P2327,2026-04-14,下午,C1,basic,1,2.8,5.28,0,1,minute,2
T03840,P0146,2026-04-14,上午,C2,case,1,41.14,24.01,0,1,minute,1
T03841,P0752,2026-04-15,上午,A1,case,0,16.21,9.51,0,1,minute,1
T03842,P0463,2026-04-15,上午,A2,case,0,20.03,27.45,0,1,minute,1
T03843,P1145,2026-04-15,上午,A1,case,0,20.7,15.26,0,1,minute,1
T03844,P1247,2026-04-15,上午,A2,case,0,30.66,,1,0,minute,1
T03845,P1740,2026-04-15,上午,A1,case,0,14.72,7.63,0,1,minute,1
T03846,P1630,2026-04-15,上午,A2,case,0,17.01,13.27,0,1,minute,1
T03847,P2119,2026-04-15,下午,A1,case,0,8.63,32.43,0,1,minute,1
T03848,P2150,2026-04-15,上午,A2,basic,1,3.68,2.87,0,1,minute,1
T03849,P2193,2026-04-15,上午,A1,case,0,39.14,16.85,0,1,minute,1
T03849,P2193,2026-04-15,上午,A1,case,0,39.14,16.85,0,1,minute,1
T03850,P2655,2026-04-15,下午,A2,basic,0,7.62,6.43,0,1,minute,1
T03851,P0772,2026-04-15,下午,A1,case,0,8.51,16.3,0,1,minute,1
T03852,P1076,2026-04-15,上午,A2,case,0,17.77,22.01,0,1,minute,1
T03853,P1808,2026-04-15,上午,A1,case,0,22.29,20.3,0,1,minute,1
T03854,P0454,2026-04-15,下午,A2,case,0,35.14,,1,0,minute,1
T03855,P2700,2026-04-15,上午,A1,case,0,20.37,7.56,0,1,minute,1
T03856,P2688,2026-04-15,下午,A2,case,0,10.59,8.14,0,1,minute,1
T03857,P1858,2026-04-15,上午,A1,basic,1,1.82,4.12,0,1,minute,1
T03858,P1194,2026-04-15,下午,A2,case,0,14.02,18.7,0,1,minute,1
T03859,P2518,2026-04-15,上午,A1,case,0,12.42,16.99,0,0,minute,1
T03860,P2611,2026-04-15,上午,A2,case,0,40.44,,1,0,minute,1
T03861,P1799,2026-04-15,下午,A1,basic,0,5.52,2.88,0,1,minute,1
T03862,P1283,2026-04-15,下午,A2,case,1,427.8,7.65,0,1,second,1
T03863,P1110,2026-04-15,上午,A1,case,0,41.1,,1,0,minute,1
T03864,P0802,2026-04-15,下午,A2,case,0,13.26,23.78,0,0,minute,1
T03865,P2099,2026-04-15,上午,A1,case,0,6.27,18.47,0,0,minute,1
T03866,P0397,2026-04-15,上午,A2,case,1,11.0,19.82,0,1,minute,1
T03867,P1309,2026-04-15,下午,A1,basic,1,5.67,11.52,0,1,minute,1
T03868,P2610,2026-04-15,上午,A2,basic,0,5.79,3.81,0,1,minute,1
T03869,P0583,2026-04-15,上午,A1,case,0,17.8,45.7,0,1,minute,1
T03870,P1752,2026-04-15,下午,A2,,0,28.19,,1,0,minute,1
T03871,P1957,2026-04-15,下午,A1,case,1,3.64,8.77,0,1,minute,1
T03872,P0809,2026-04-15,上午,A2,case,0,39.78,9.33,0,0,minute,1
T03873,P2567,2026-04-15,下午,A1,case,0,14.58,6.17,0,1,minute,1
T03874,P1116,2026-04-15,上午,A2,case,0,19.21,15.69,0,1,minute,1
T03875,P2666,2026-04-15,下午,A1,case,0,15.78,18.6,0,1,minute,1
T03876,P0444,2026-04-15,下午,A2,case,0,17.08,25.78,0,1,minute,1
T03877,P2015,2026-04-15,上午,A1,basic,1,5.51,9.56,0,1,minute,1
T03878,P1243,2026-04-15,上午,A2,case,1,15.61,12.54,0,0,minute,1
T03879,P1495,2026-04-15,下午,A1,case,1,6.37,9.7,0,1,minute,1
T03880,P2204,2026-04-15,下午,A2,case,0,15.7,2.21,0,1,minute,1
T03880,P2204,2026-04-15,下午,A2,case,0,15.7,2.21,0,1,minute,1
T03881,P1870,2026-04-15,上午,B1,basic,1,7.19,10.89,0,1,minute,1
T03882,P2550,2026-04-15,上午,B2,case,0,38.2,12.1,0,1,minute,1
T03883,P1072,2026-04-15,下午,B1,basic,1,4.22,13.48,0,1,minute,1
T03884,P1833,2026-04-15,上午,B2,case,1,23.8,31.38,0,1,minute,1
T03885,P2135,2026-04-15,上午,B1,basic,0,12.59,5.51,0,0,minute,1
T03886,P2180,2026-04-15,上午,B2,basic,0,9.1,3.87,0,1,minute,1
T03886,P2180,2026-04-15,上午,B2,basic,0,8.19,3.87,0,1,minute,2
T03887,P1583,2026-04-15,上午,B1,basic,0,20.74,3.45,0,1,minute,1
T03888,P0463,2026-04-15,下午,B2,basic,0,42.78,5.5,0,0,minute,1
T03889,P2645,2026-04-15,下午,B1,basic,0,14.17,10.13,0,1,minute,1
T03890,P1988,2026-04-15,上午,B2,basic,0,8.37,3.44,0,1,minute,1
T03891,P0666,2026-04-15,上午,B1,basic,0,709.8,12.16,0,1,second,1
T03892,P2150,2026-04-15,上午,B2,basic,0,6.8,5.33,0,1,minute,1
T03893,P2104,2026-04-15,下午,B1,basic,0,17.63,4.2,0,1,minute,1
T03894,P0567,2026-04-15,下午,B2,basic,0,13.6,10.26,0,1,minute,1
T03895,P2043,2026-04-15,下午,B1,basic,0,2.01,7.31,0,1,minute,1
T03896,P0072,2026-04-15,下午,B2,case,0,18.24,8.54,0,1,minute,1
T03897,P0817,2026-04-15,上午,B1,basic,1,16.04,16.32,0,1,minute,1
T03898,P1642,2026-04-15,下午,B2,basic,0,7.33,8.62,0,0,minute,1
T03899,P1742,2026-04-15,上午,B1,basic,1,5.37,15.11,0,1,minute,1
T03900,P1535,2026-04-15,上午,B2,basic,1,3.57,12.09,0,0,minute,1
T03901,P2406,2026-04-15,上午,B1,basic,0,9.24,4.92,0,1,minute,1
T03902,P1365,2026-04-15,下午,B2,basic,0,5.97,3.89,0,1,minute,1
T03903,P2623,2026-04-15,下午,B1,basic,1,7.57,15.48,0,1,minute,1
T03904,P1673,2026-04-15,下午,B2,case,0,20.7,6.04,0,0,minute,1
T03905,P0748,2026-04-15,上午,B1,basic,1,11.53,16.43,0,1,minute,1
T03906,P2622,2026-04-15,上午,B2,case,0,28.46,16.13,0,1,minute,1
T03907,P0136,2026-04-15,上午,B1,case,0,27.39,,1,0,minute,1
T03908,P2047,2026-04-15,上午,B2,basic,0,7.43,9.52,0,1,minute,1
T03909,P1774,2026-04-15,下午,B1,basic,1,4.26,10.99,0,1,minute,1
T03910,P2349,2026-04-15,下午,B2,basic,0,9.95,7.61,0,1,minute,1
T03911,P1120,2026-04-15,下午,B1,basic,0,14.75,6.53,0,1,minute,1
T03911,P1120,2026-04-15,下午,B1,basic,0,14.75,6.53,0,1,minute,1
T03912,P1635,2026-04-15,下午,B2,basic,1,5.29,5.14,0,1,minute,1
T03913,P0666,2026-04-15,上午,B1,basic,0,7.23,8.6,0,1,minute,1
T03914,P2380,2026-04-15,下午,B2,case,0,17.63,15.42,0,0,minute,1
T03915,P2607,2026-04-15,下午,B1,basic,1,5.99,9.43,0,1,minute,1
T03916,P0353,2026-04-15,上午,B2,basic,0,7.73,9.19,0,1,minute,1
T03917,P2121,2026-04-15,上午,B1,basic,1,5.3,3.92,0,1,minute,1
T03918,P2035,2026-04-15,上午,B2,basic,1,3.52,2.76,0,1,minute,1
T03919,P2436,2026-04-15,上午,B1,basic,0,93.3,6.83,0,1,minute,1
T03920,P0059,2026-04-15,上午,B2,basic,0,859.8,4.54,0,1,second,1
T03921,P0342,2026-04-15,上午,C1,case,0,32.49,15.54,0,1,minute,1
T03922,P2276,2026-04-15,下午,C2,basic,0,6.89,2.82,0,1,minute,1
T03923,P1201,2026-04-15,上午,C1,case,1,-1,10.53,0,1,minute,1
T03924,P0613,2026-04-15,上午,C2,basic,1,35.42,5.33,0,1,minute,1
T03925,P1604,2026-04-15,下午,C1,basic,0,10.71,2.81,0,1,minute,1
T03926,P1361,2026-04-15,下午,C2,case,0,15.9,14.81,0,1,minute,1
T03927,P1119,2026-04-15,上午,C1,basic,1,11.05,4.84,0,1,minute,1
T03928,P1355,2026-04-15,下午,C2,basic,0,6.5,7.2,0,1,minute,1
T03929,P0078,2026-04-15,下午,C1,case,0,15.38,13.58,0,0,minute,1
T03930,P0307,2026-04-15,下午,C2,basic,1,10.53,8.14,0,1,minute,1
T03931,P1183,2026-04-15,上午,C1,case,1,7.9,17.44,0,0,minute,1
T03932,P1060,2026-04-15,下午,C2,case,1,13.78,26.12,0,0,minute,1
T03933,P0033,2026-04-15,下午,C1,case,0,42.57,,1,0,minute,1
T03933,P0033,2026-04-15,下午,C1,case,0,38.31,,1,0,minute,2
T03934,P2245,2026-04-15,上午,C2,basic,0,14.53,5.91,0,0,minute,1
T03935,P1296,2026-04-15,下午,C1,basic,0,3.92,8.04,0,1,minute,1
T03936,P1521,2026-04-15,上午,C2,basic,0,3.05,7.96,0,1,minute,1
T03937,P1664,2026-04-15,下午,C1,basic,1,5.52,2.58,0,1,minute,1
T03938,P0846,2026-04-15,上午,C2,case,0,21.67,22.3,0,1,minute,1
T03939,P0714,2026-04-15,上午,C1,basic,0,12.21,8.26,0,1,minute,1
T03940,P1704,2026-04-15,下午,C2,case,0,9.5,13.14,0,1,minute,1
T03941,P1579,2026-04-15,上午,C1,basic,1,7.28,3.47,0,0,minute,1
T03942,P1442,2026-04-15,上午,C2,case,0,28.01,16.56,0,1,minute,1
T03942,P1442,2026-04-15,上午,C2,case,0,28.01,16.56,0,1,minute,1
T03943,P1351,2026-04-15,上午,C1,case,1,9.6,12.25,0,1,minute,1
T03944,P2324,2026-04-15,上午,C2,basic,1,79.24,7.35,0,1,minute,1
T03945,P0387,2026-04-15,下午,C1,case,0,999,,1,0,minute,1
T03946,P2476,2026-04-15,上午,C2,case,0,26.79,5.3,0,1,minute,1
T03947,P2609,2026-04-15,上午,C1,case,0,41.39,21.86,0,1,minute,1
T03948,P1559,2026-04-15,下午,C2,case,1,9.16,12.42,0,1,minute,1
T03949,P1942,2026-04-15,下午,C1,basic,0,426.6,12.78,0,0,second,1
T03950,P2694,2026-04-15,上午,C2,case,0,10.84,24.79,0,0,minute,1
T03951,P2393,2026-04-15,上午,C1,basic,0,6.08,3.97,0,,minute,1
T03952,P0842,2026-04-15,下午,C2,basic,0,14.36,7.44,0,1,minute,1
T03953,P0831,2026-04-15,上午,C1,case,0,64.52,,1,0,minute,1
T03954,P1453,2026-04-15,上午,C2,case,0,26.4,8.91,0,1,minute,1
T03955,P0884,2026-04-15,上午,C1,basic,0,3.9,9.61,0,1,minute,1
T03956,P1596,2026-04-15,上午,C2,basic,0,7.42,2.06,0,1,minute,1
T03957,P2393,2026-04-15,下午,C1,basic,1,5.84,6.95,0,1,minute,1
T03958,P0480,2026-04-15,上午,C2,case,0,17.33,20.07,0,1,minute,1
T03959,P0718,2026-04-15,上午,C1,basic,1,1.91,8.5,0,1,minute,1
T03960,P0306,2026-04-15,上午,C2,basic,0,12.73,6.42,0,0,minute,1
T03961,P1035,2026-04-16,下午,A1,case,0,7.37,28.73,0,1,minute,1
T03962,P1702,2026-04-16,下午,A2,case,0,24.59,32.19,0,1,minute,1
T03963,P2496,2026-04-16,上午,A1,case,0,24.45,13.55,0,1,minute,1
T03964,P1767,2026-04-16,上午,A2,case,0,13.36,9.73,0,1,minute,1
T03965,P2693,2026-04-16,上午,A1,basic,1,2.92,6.45,0,1,minute,1
T03966,P0854,2026-04-16,上午,A2,basic,1,10.9,2.06,0,1,minute,1
T03967,P1900,2026-04-16,上午,A1,case,1,26.08,4.49,0,1,minute,1
T03968,P1041,2026-04-16,下午,A2,case,1,8.77,24.56,0,1,minute,1
T03969,P2152,2026-04-16,下午,A1,case,1,8.82,19.1,0,0,minute,1
T03970,P0160,2026-04-16,上午,A2,case,0,14.54,9.8,0,1,minute,1
T03971,P2344,2026-04-16,上午,A1,case,0,13.43,34.05,0,0,minute,1
T03972,P2494,2026-04-16,上午,A2,case,1,3.91,21.13,0,0,minute,1
T03973,P1111,2026-04-16,下午,A1,basic,1,1.7,12.86,0,1,minute,1
T03973,P1111,2026-04-16,下午,A1,basic,1,1.7,12.86,0,1,minute,1
T03974,P0738,2026-04-16,上午,A2,basic,0,72.62,,1,0,minute,1
T03975,P2284,2026-04-16,上午,A1,basic,1,7.57,2.58,0,1,minute,1
T03976,P1984,2026-04-16,上午,A2,case,0,4.5,23.09,0,1,minute,1
T03977,P1124,2026-04-16,上午,A1,case,0,28.97,10.13,0,0,minute,1
T03978,P1538,2026-04-16,下午,A2,basic,1,110.4,4.66,0,1,second,1
T03979,P0344,2026-04-16,下午,A1,case,0,15.66,5.9,0,1,minute,1
T03980,P0677,2026-04-16,下午,A2,case,0,8.83,16.25,0,1,minute,1
T03980,P0677,2026-04-16,下午,A2,case,0,7.95,16.25,0,1,minute,2
T03981,P1194,2026-04-16,上午,A1,case,0,18.25,10.74,0,0,minute,1
T03982,P2017,2026-04-16,上午,A2,case,1,5.44,14.75,0,1,minute,1
T03983,P1199,2026-04-16,上午,A1,case,0,16.16,16.72,0,0,minute,1
T03984,P0806,2026-04-16,上午,A2,case,0,12.36,8.51,0,1,minute,1
T03985,P2104,2026-04-16,上午,A1,case,0,16.37,27.14,0,0,minute,1
T03986,P2647,2026-04-16,下午,A2,case,1,9.27,17.09,0,1,minute,1
T03987,P1888,2026-04-16,上午,A1,case,0,29.18,,1,0,minute,1
T03988,P1267,2026-04-16,下午,A2,case,0,44.42,9.03,0,1,minute,1
T03989,P2675,2026-04-16,上午,A1,case,0,13.98,8.31,0,1,minute,1
T03990,P1874,2026-04-16,上午,A2,case,0,36.69,4.87,0,1,minute,1
T03991,P2201,2026-04-16,上午,A1,basic,0,4.28,12.27,0,1,minute,1
T03992,P1996,2026-04-16,上午,A2,basic,1,10.38,4.1,0,1,minute,1
T03993,P0562,2026-04-16,下午,A1,case,0,8.07,16.23,0,1,minute,1
T03994,P0023,2026-04-16,上午,A2,case,0,35.64,19.24,0,0,minute,1
T03995,P2566,2026-04-16,下午,A1,case,0,14.05,16.69,0,1,minute,1
T03996,P0733,2026-04-16,下午,A2,case,0,17.14,10.02,0,1,minute,1
T03997,P2211,2026-04-16,上午,UNKNOWN,case,0,18.09,14.77,0,1,minute,1
T03998,P0897,2026-04-16,上午,A2,case,0,66.2,,1,0,minute,1
T03999,P2012,2026-04-16,下午,A1,case,0,10.22,23.55,0,1,minute,1
T04000,P1721,2026-04-16,上午,A2,case,0,18.15,11.85,0,1,minute,1
T04001,P0174,2026-04-16,上午,B1,,0,7.01,6.93,0,1,minute,1
T04002,P2328,2026-04-16,上午,B2,case,0,74.88,,1,0,minute,1
T04003,P0734,2026-04-16,上午,B1,case,1,97.8,17.9,0,0,minute,1
T04004,P2182,2026-04-16,上午,B2,basic,1,5.12,3.36,0,1,minute,1
T04004,P2182,2026-04-16,上午,B2,basic,1,5.12,3.36,0,1,minute,1
T04005,P2177,2026-04-16,下午,B1,basic,0,4.92,9.75,0,1,minute,1
T04006,P2092,2026-04-16,上午,B2,case,0,41.29,4.94,0,1,minute,1
T04007,P0545,2026-04-16,上午,B1,basic,1,1379.4,5.43,0,1,second,1
T04008,P2304,2026-04-16,上午,B2,basic,1,6.79,6.96,0,0,minute,1
T04009,P1974,2026-04-16,上午,B1,basic,1,7.11,9.86,0,1,minute,1
T04010,P2616,2026-04-16,上午,B2,basic,1,8.07,3.67,0,1,minute,1
T04011,P1150,2026-04-16,上午,B1,case,0,32.85,13.99,0,1,minute,1
T04012,P2672,2026-04-16,上午,B2,basic,1,11.52,7.33,0,1,minute,1
T04013,P0072,2026-04-16,上午,B1,basic,1,13.62,14.86,0,1,minute,1
T04014,P0148,2026-04-16,上午,B2,case,0,8.23,22.22,0,1,minute,1
T04015,P1984,2026-04-16,下午,B1,basic,1,2.72,2.37,0,1,minute,1
T04016,P2028,2026-04-16,下午,B2,basic,0,7.37,8.64,0,1,minute,1
T04017,P0672,2026-04-16,上午,B1,case,0,45.29,4.15,0,1,minute,1
T04018,P1519,2026-04-16,上午,B2,case,0,27.11,,1,0,minute,1
T04019,P0247,2026-04-16,下午,B1,basic,1,7.35,10.29,0,1,minute,1
T04020,P0104,2026-04-16,上午,B2,basic,0,13.76,3.95,0,1,minute,1
T04021,P2003,2026-04-16,下午,B1,basic,0,6.32,4.97,0,1,minute,1
T04022,P0637,2026-04-16,上午,B2,case,1,24.5,24.53,0,0,minute,1
T04023,P2445,2026-04-16,下午,B1,basic,1,3.91,5.18,0,1,minute,1
T04024,P2399,2026-04-16,上午,B2,basic,0,4.14,12.63,0,1,minute,1
T04025,P1233,2026-04-16,下午,B1,basic,0,72.14,,1,0,minute,1
T04026,P1741,2026-04-16,上午,B2,case,0,24.84,6.74,0,1,minute,1
T04027,P1875,2026-04-16,上午,B1,case,0,68.23,22.78,0,1,minute,1
T04027,P1875,2026-04-16,上午,B1,case,0,61.41,22.78,0,1,minute,2
T04028,P2083,2026-04-16,上午,B2,case,1,11.31,25.63,0,1,minute,1
T04029,P2682,2026-04-16,下午,B1,basic,1,3.65,10.25,0,1,minute,1
T04030,P0135,2026-04-16,上午,B2,basic,1,14.49,14.29,0,1,minute,1
T04031,P1824,2026-04-16,上午,B1,basic,0,7.95,4.0,0,1,minute,1
T04032,P0477,2026-04-16,下午,B2,basic,0,4.36,7.82,0,1,minute,1
T04033,P1831,2026-04-16,上午,B1,case,1,13.0,21.72,0,0,minute,1
T04034,P1530,2026-04-16,下午,B2,case,0,24.28,18.62,0,0,minute,1
T04035,P0873,2026-04-16,上午,B1,basic,1,9.76,9.35,0,1,minute,1
T04035,P0873,2026-04-16,上午,B1,basic,1,9.76,9.35,0,1,minute,1
T04036,P1487,2026-04-16,上午,B2,case,1,1122.6,17.43,0,1,second,1
T04037,P2671,2026-04-16,上午,B1,case,0,14.35,7.7,0,0,minute,1
T04038,P2100,2026-04-16,下午,B2,basic,1,8.23,11.96,0,1,minute,1
T04039,P1761,2026-04-16,上午,B1,basic,1,14.79,4.1,0,1,minute,1
T04040,P2135,2026-04-16,下午,B2,basic,0,9.39,10.28,0,1,minute,1
T04041,P0587,2026-04-16,上午,C1,case,0,11.06,10.03,0,1,minute,1
T04042,P2135,2026-04-16,上午,C2,case,0,33.64,9.86,0,1,minute,1
T04043,P0939,2026-04-16,上午,C1,basic,1,6.89,7.03,0,1,minute,1
T04044,P0537,2026-04-16,上午,C2,basic,0,15.62,7.74,0,1,minute,1
T04045,P2590,2026-04-16,上午,C1,basic,1,5.8,9.78,0,1,minute,1
T04046,P1410,2026-04-16,上午,C2,basic,1,2.76,14.06,0,1,minute,1
T04047,P1311,2026-04-16,上午,C1,basic,1,5.3,7.33,0,1,minute,1
T04048,P2343,2026-04-16,下午,C2,basic,1,3.45,3.76,0,1,minute,1
T04049,P1583,2026-04-16,下午,C1,case,0,19.8,18.45,0,1,minute,1
T04050,P2597,2026-04-16,上午,C2,basic,0,14.88,10.08,0,1,minute,1
T04051,P0660,2026-04-16,上午,C1,case,1,11.5,16.57,0,1,minute,1
T04052,P0583,2026-04-16,上午,C2,basic,1,10.18,9.91,0,1,minute,1
T04053,P2505,2026-04-16,上午,C1,case,0,114.27,10.89,0,1,minute,1
T04054,P0268,2026-04-16,下午,C2,basic,1,3.96,8.6,0,1,minute,1
T04055,P1823,2026-04-16,上午,C1,basic,1,12.25,6.87,0,1,minute,1
T04056,P2339,2026-04-16,上午,C2,basic,1,16.86,7.03,0,1,minute,1
T04057,P1409,2026-04-16,下午,C1,case,0,13.01,15.84,0,0,minute,1
T04058,P2025,2026-04-16,上午,C2,case,0,999,,1,0,minute,1
T04059,P2501,2026-04-16,下午,C1,basic,1,4.55,3.81,0,1,minute,1
T04060,P1290,2026-04-16,上午,C2,basic,0,19.07,15.28,0,1,minute,1
T04061,P0688,2026-04-16,上午,C1,case,0,19.05,18.48,0,0,minute,1
T04062,P1907,2026-04-16,上午,C2,case,0,31.03,32.5,0,1,minute,1
T04063,P0752,2026-04-16,上午,C1,basic,1,2.49,13.1,0,1,minute,1
T04064,P1941,2026-04-16,上午,C2,basic,0,76.48,,1,0,minute,1
T04065,P0156,2026-04-16,上午,C1,basic,0,1758.6,4.31,0,1,second,1
T04066,P0825,2026-04-16,上午,C2,basic,1,10.54,4.84,0,1,minute,1
T04066,P0825,2026-04-16,上午,C2,basic,1,10.54,4.84,0,1,minute,1
T04067,P0157,2026-04-16,下午,C1,basic,0,2.29,9.0,0,1,minute,1
T04068,P1643,2026-04-16,下午,C2,case,1,11.33,31.6,0,1,minute,1
T04069,P2172,2026-04-16,下午,C1,basic,1,2.46,2.01,0,1,minute,1
T04070,P2695,2026-04-16,上午,C2,case,0,18.3,18.85,0,0,minute,1
T04071,P0689,2026-04-16,下午,C1,case,0,25.08,21.64,0,1,minute,1
T04072,P1961,2026-04-16,上午,C2,case,0,22.37,26.05,0,0,minute,1
T04073,P0690,2026-04-16,上午,C1,case,0,12.65,19.34,0,0,minute,1
T04074,P0894,2026-04-16,下午,C2,basic,0,11.54,5.59,0,1,minute,1
T04074,P0894,2026-04-16,下午,C2,basic,0,10.39,5.59,0,1,minute,2
T04075,P0297,2026-04-16,下午,C1,case,0,9.25,25.92,0,1,minute,1
T04076,P0160,2026-04-16,上午,C2,case,0,17.0,13.78,0,0,minute,1
T04077,P0647,2026-04-16,下午,C1,case,0,9.83,26.62,0,1,minute,1
T04078,P2252,2026-04-16,上午,C2,basic,1,5.96,12.26,0,0,minute,1
T04079,P2589,2026-04-16,上午,C1,basic,1,7.2,8.61,0,1,minute,1
T04080,P2031,2026-04-16,上午,C2,case,0,-1,,1,0,minute,1
T04081,P1239,2026-04-17,上午,A1,basic,0,37.3,12.75,0,1,minute,1
T04082,P0477,2026-04-17,上午,A2,case,0,14.24,17.92,0,1,minute,1
T04083,P2221,2026-04-17,下午,A1,case,0,16.69,11.51,0,1,minute,1
T04084,P0913,2026-04-17,上午,A2,case,0,7.89,24.33,0,1,minute,1
T04085,P0203,2026-04-17,下午,A1,case,0,19.72,11.74,0,1,minute,1
T04086,P0983,2026-04-17,下午,A2,case,0,11.25,15.65,0,1,minute,1
T04087,P0242,2026-04-17,下午,A1,case,0,21.38,32.25,0,0,minute,1
T04088,P1182,2026-04-17,下午,A2,basic,1,2.7,5.52,0,1,minute,1
T04089,P2323,2026-04-17,上午,A1,case,0,26.12,39.49,0,1,minute,1
T04090,P1486,2026-04-17,上午,A2,case,0,22.01,41.63,0,1,minute,1
T04091,P1625,2026-04-17,下午,A1,basic,1,2.1,3.74,0,1,minute,1
T04092,P0698,2026-04-17,上午,A2,case,1,16.61,8.2,0,1,minute,1
T04093,P1109,2026-04-17,下午,A1,case,0,17.2,12.32,0,1,minute,1
T04094,P1893,2026-04-17,上午,A2,case,0,1909.2,22.08,0,1,second,1
T04095,P1138,2026-04-17,下午,A1,case,0,7.43,6.66,0,1,minute,1
T04096,P0638,2026-04-17,上午,A2,case,0,25.47,20.96,0,1,minute,1
T04097,P1934,2026-04-17,上午,A1,basic,1,3.03,14.09,0,1,minute,1
T04097,P1934,2026-04-17,上午,A1,basic,1,3.03,14.09,0,1,minute,1
T04098,P2289,2026-04-17,上午,A2,case,1,17.33,21.6,0,0,minute,1
T04099,P1100,2026-04-17,下午,A1,case,0,26.45,,1,0,minute,1
T04100,P1945,2026-04-17,上午,A2,case,0,35.98,25.9,0,1,minute,1
T04101,P1350,2026-04-17,下午,A1,case,0,23.25,34.29,0,1,minute,1
T04102,P1869,2026-04-17,上午,A2,case,0,31.9,10.87,0,1,minute,1
T04103,P1074,2026-04-17,上午,A1,case,0,30.84,,1,0,minute,1
T04104,P0993,2026-04-17,下午,A2,case,1,6.81,9.97,0,1,minute,1
T04105,P0818,2026-04-17,上午,A1,case,0,9.43,13.42,0,1,minute,1
T04106,P0869,2026-04-17,上午,A2,basic,1,8.06,9.74,0,1,minute,1
T04107,P2019,2026-04-17,下午,A1,basic,1,3.34,5.82,0,1,minute,1
T04108,P1060,2026-04-17,上午,A2,case,0,15.61,11.06,0,1,minute,1
T04109,P1889,2026-04-17,上午,A1,case,0,79.2,,1,0,minute,1
T04110,P0198,2026-04-17,下午,A2,basic,0,3.75,2.78,0,1,minute,1
T04111,P2331,2026-04-17,下午,A1,case,0,6.6,19.34,0,1,minute,1
T04112,P2699,2026-04-17,上午,A2,case,1,22.84,50.35,0,1,minute,1
T04113,P2387,2026-04-17,上午,A1,case,0,31.6,28.49,0,1,minute,1
T04114,P2131,2026-04-17,上午,A2,basic,0,6.06,3.86,0,1,minute,1
T04115,P0800,2026-04-17,下午,A1,case,0,12.82,9.24,0,1,minute,1
T04116,P0968,2026-04-17,下午,A2,basic,1,2.64,4.3,0,1,minute,1
T04117,P0171,2026-04-17,下午,A1,case,0,7.12,3.18,0,0,minute,1
T04118,P1248,2026-04-17,下午,A2,case,0,9.4,20.74,0,0,minute,1
T04119,P1085,2026-04-17,上午,A1,case,1,23.81,7.21,0,1,minute,1
T04120,P0444,2026-04-17,下午,A2,case,0,23.74,22.93,0,1,minute,1
T04121,P1994,2026-04-17,下午,B1,basic,1,5.5,4.67,0,1,minute,1
T04121,P1994,2026-04-17,下午,B1,basic,1,4.95,4.67,0,1,minute,2
T04122,P1507,2026-04-17,上午,B2,case,0,20.96,9.61,0,1,minute,1
T04123,P2692,2026-04-17,下午,B1,basic,1,236.4,21.23,0,1,second,1
T04124,P0125,2026-04-17,上午,B2,basic,1,6.86,10.25,0,,minute,1
T04125,P0324,2026-04-17,上午,B1,basic,1,8.28,11.76,0,1,minute,1
T04126,P1824,2026-04-17,下午,B2,basic,0,3.44,1.41,0,0,minute,1
T04127,P0086,2026-04-17,上午,B1,basic,1,13.88,4.03,0,1,minute,1
T04128,P0917,2026-04-17,下午,B2,basic,1,6.44,6.15,0,1,minute,1
T04128,P0917,2026-04-17,下午,B2,basic,1,6.44,6.15,0,1,minute,1
T04129,P1636,2026-04-17,下午,B1,basic,1,2.25,3.86,0,1,minute,1
T04130,P0505,2026-04-17,下午,B2,basic,0,14.29,8.68,0,1,minute,1
T04131,P2154,2026-04-17,上午,B1,case,0,68.87,22.2,0,0,minute,1
T04132,P0819,2026-04-17,下午,B2,,1,4.18,2.94,0,1,minute,1
T04133,P1634,2026-04-17,下午,B1,case,0,13.53,12.93,0,1,minute,1
T04134,P1830,2026-04-17,上午,B2,basic,1,2.75,16.15,0,0,minute,1
T04135,P0925,2026-04-17,下午,B1,basic,1,5.47,23.25,0,1,minute,1
T04136,P1303,2026-04-17,上午,B2,basic,1,8.68,8.24,0,1,minute,1
T04137,P1620,2026-04-17,上午,B1,basic,0,3.86,10.9,0,1,minute,1
T04138,P1743,2026-04-17,上午,B2,case,1,27.74,4.88,0,1,minute,1
T04139,P0139,2026-04-17,上午,B1,basic,1,4.27,6.81,0,1,minute,1
T04140,P0303,2026-04-17,上午,B2,basic,1,8.76,6.63,0,1,minute,1
T04141,P2288,2026-04-17,下午,B1,basic,1,5.93,4.46,0,1,minute,1
T04142,P0035,2026-04-17,上午,B2,basic,1,11.75,2.76,0,1,minute,1
T04143,P1375,2026-04-17,上午,B1,basic,1,5.33,15.95,0,1,minute,1
T04144,P1828,2026-04-17,上午,B2,basic,0,7.27,5.98,0,1,minute,1
T04145,P0283,2026-04-17,上午,B1,basic,1,10.59,8.66,0,1,minute,1
T04146,P1611,2026-04-17,上午,B2,case,0,23.74,20.6,0,1,minute,1
T04147,P0767,2026-04-17,上午,B1,basic,1,9.38,3.82,0,0,minute,1
T04148,P0019,2026-04-17,上午,B2,basic,1,2.79,10.91,0,1,minute,1
T04149,P0001,2026-04-17,上午,B1,case,1,5.78,35.4,0,1,minute,1
T04150,P0424,2026-04-17,上午,B2,basic,1,9.71,9.42,0,1,minute,1
T04151,P1938,2026-04-17,上午,B1,basic,0,16.51,2.05,0,1,minute,1
T04152,P1530,2026-04-17,下午,B2,basic,1,288.6,8.05,0,1,second,1
T04153,P1292,2026-04-17,下午,B1,basic,1,4.99,7.31,0,1,minute,1
T04154,P2322,2026-04-17,下午,B2,basic,1,2.06,8.31,0,1,minute,1
T04155,P1384,2026-04-17,下午,B1,basic,0,6.23,6.91,0,0,minute,1
T04156,P2506,2026-04-17,上午,B2,basic,0,20.77,4.62,0,1,minute,1
T04157,P0228,2026-04-17,下午,B1,basic,0,14.58,13.95,0,1,minute,1
T04158,P0293,2026-04-17,上午,B2,basic,0,9.57,13.78,0,0,minute,1
T04159,P1260,2026-04-17,下午,B1,case,0,26.3,8.97,0,0,minute,1
T04159,P1260,2026-04-17,下午,B1,case,0,26.3,8.97,0,0,minute,1
T04160,P1081,2026-04-17,下午,B2,basic,0,3.64,3.31,0,1,minute,1
T04161,P0300,2026-04-17,下午,C1,basic,0,5.93,10.06,0,1,minute,1
T04162,P1291,2026-04-17,上午,C2,case,0,28.44,2.82,0,1,minute,1
T04163,P2063,2026-04-17,下午,C1,case,0,17.83,31.78,0,1,minute,1
T04164,P2599,2026-04-17,下午,C2,case,0,11.26,23.98,0,0,minute,1
T04165,P0777,2026-04-17,上午,C1,case,1,24.81,24.21,0,1,minute,1
T04166,P1984,2026-04-17,上午,C2,basic,1,3.17,17.95,0,1,minute,1
T04167,P2413,2026-04-17,上午,C1,basic,1,2.81,3.04,0,1,minute,1
T04168,P2028,2026-04-17,上午,C2,basic,0,3.96,7.88,0,1,minute,1
T04168,P2028,2026-04-17,上午,C2,basic,0,3.56,7.88,0,1,minute,2
T04169,P1926,2026-04-17,上午,C1,case,0,92.58,,1,0,minute,1
T04170,P0653,2026-04-17,下午,C2,basic,1,4.04,8.34,0,1,minute,1
T04171,P2091,2026-04-17,下午,C1,basic,1,999,4.92,0,1,minute,1
T04172,P0164,2026-04-17,下午,C2,basic,1,5.79,5.0,0,1,minute,1
T04173,P2591,2026-04-17,上午,C1,basic,1,5.51,11.21,0,1,minute,1
T04174,P0072,2026-04-17,上午,C2,basic,1,24.59,19.25,0,1,minute,1
T04175,P1959,2026-04-17,下午,C1,case,0,11.88,10.85,0,0,minute,1
T04176,P0609,2026-04-17,上午,C2,basic,0,6.53,15.46,0,1,minute,1
T04177,P1229,2026-04-17,上午,C1,case,0,39.68,32.52,0,1,minute,1
T04178,P0474,2026-04-17,上午,C2,case,0,43.59,17.01,0,1,minute,1
T04179,P2243,2026-04-17,下午,C1,case,1,15.68,10.18,0,0,minute,1
T04180,P1762,2026-04-17,下午,C2,case,0,21.79,26.3,0,0,minute,1
T04181,P0017,2026-04-17,下午,C1,basic,0,235.2,13.96,0,1,second,1
T04182,P2455,2026-04-17,下午,C2,basic,0,4.75,5.67,0,1,minute,1
T04183,P1707,2026-04-17,下午,C1,basic,1,9.3,3.76,0,1,minute,1
T04184,P1227,2026-04-17,下午,C2,case,0,16.91,11.03,0,1,minute,1
T04185,P0418,2026-04-17,上午,C1,case,0,10.18,26.96,0,1,minute,1
T04186,P0673,2026-04-17,上午,C2,case,1,12.83,5.82,0,1,minute,1
T04187,P0937,2026-04-17,下午,C1,basic,1,3.56,3.19,0,1,minute,1
T04188,P1986,2026-04-17,下午,C2,basic,0,6.1,6.36,0,0,minute,1
T04189,P0657,2026-04-17,下午,C1,basic,1,14.62,1.98,0,1,minute,1
T04190,P2439,2026-04-17,上午,C2,case,0,18.1,7.9,0,1,minute,1
T04190,P2439,2026-04-17,上午,C2,case,0,18.1,7.9,0,1,minute,1
T04191,P2086,2026-04-17,上午,C1,basic,0,3.22,3.39,0,1,minute,1
T04192,P2198,2026-04-17,下午,C2,case,0,10.74,24.44,0,1,minute,1
T04193,P1823,2026-04-17,下午,C1,case,0,26.54,,1,0,minute,1
T04194,P0800,2026-04-17,上午,UNKNOWN,case,0,16.24,26.31,0,0,minute,1
T04195,P0530,2026-04-17,上午,C1,basic,0,11.61,5.83,0,1,minute,1
T04196,P1201,2026-04-17,上午,C2,basic,1,4.38,3.3,0,1,minute,1
T04197,P0568,2026-04-17,上午,C1,case,0,32.99,31.24,0,1,minute,1
T04198,P1066,2026-04-17,上午,C2,case,0,114.69,8.84,0,1,minute,1
T04199,P1380,2026-04-17,上午,C1,basic,0,5.59,4.31,0,1,minute,1
T04200,P1647,2026-04-17,上午,C2,basic,1,18.51,7.53,0,1,minute,1
T04201,P2668,2026-04-20,上午,A1,basic,0,9.25,5.39,0,1,minute,1
T04202,P1528,2026-04-20,下午,A2,case,1,10.39,12.26,0,1,minute,1
T04203,P1361,2026-04-20,上午,A1,basic,1,38.3,4.47,0,1,minute,1
T04204,P1117,2026-04-20,下午,A2,case,0,5.48,6.68,0,1,minute,1
T04205,P1867,2026-04-20,下午,A1,case,0,20.36,12.89,0,1,minute,1
T04206,P2027,2026-04-20,下午,A2,case,0,28.69,21.69,0,0,minute,1
T04207,P2019,2026-04-20,下午,A1,case,0,15.29,13.21,0,1,minute,1
T04208,P2168,2026-04-20,上午,A2,basic,1,1.55,3.32,0,1,minute,1
T04209,P1728,2026-04-20,上午,A1,basic,0,4.05,7.86,0,1,minute,1
T04210,P1416,2026-04-20,下午,A2,basic,1,516.6,8.69,0,1,second,1
T04211,P2025,2026-04-20,下午,A1,basic,0,2.74,5.81,0,1,minute,1
T04212,P1545,2026-04-20,上午,A2,case,0,8.44,53.73,0,1,minute,1
T04213,P2308,2026-04-20,上午,A1,case,1,6.53,29.62,0,0,minute,1
T04214,P1665,2026-04-20,上午,A2,basic,0,9.63,5.53,0,1,minute,1
T04215,P1499,2026-04-20,上午,A1,case,0,36.74,,1,0,minute,1
T04215,P1499,2026-04-20,上午,A1,case,0,33.07,,1,0,minute,2
T04216,P2631,2026-04-20,上午,A2,basic,1,11.18,4.23,0,1,minute,1
T04217,P1963,2026-04-20,上午,A1,case,0,97.88,29.23,0,1,minute,1
T04218,P0847,2026-04-20,下午,A2,case,0,10.61,21.45,0,1,minute,1
T04219,P0463,2026-04-20,下午,A1,case,0,9.02,17.5,0,1,minute,1
T04220,P0724,2026-04-20,上午,A2,case,0,11.19,10.04,0,1,minute,1
T04221,P1257,2026-04-20,上午,A1,case,0,19.92,14.42,0,1,minute,1
T04221,P1257,2026-04-20,上午,A1,case,0,19.92,14.42,0,1,minute,1
T04222,P0269,2026-04-20,下午,A2,case,0,14.34,13.95,0,1,minute,1
T04223,P1574,2026-04-20,下午,A1,case,0,23.48,7.83,0,1,minute,1
T04224,P0764,2026-04-20,上午,A2,basic,0,2.42,3.57,0,1,minute,1
T04225,P1212,2026-04-20,下午,A1,case,0,15.48,14.62,0,0,minute,1
T04226,P1644,2026-04-20,上午,A2,case,0,41.73,32.29,0,1,minute,1
T04227,P2517,2026-04-20,下午,A1,case,1,9.76,13.12,0,0,minute,1
T04228,P0039,2026-04-20,上午,A2,case,0,8.36,12.89,0,0,minute,1
T04229,P1951,2026-04-20,下午,A1,case,0,10.98,3.08,0,1,minute,1
T04230,P1988,2026-04-20,下午,A2,basic,0,65.36,2.66,0,1,minute,1
T04231,P1424,2026-04-20,上午,A1,case,0,56.13,18.99,0,1,minute,1
T04232,P2483,2026-04-20,下午,A2,case,0,19.55,21.19,0,1,minute,1
T04233,P2188,2026-04-20,下午,A1,case,1,19.36,6.48,0,1,minute,1
T04234,P1804,2026-04-20,下午,A2,case,0,12.54,4.26,0,1,minute,1
T04235,P1452,2026-04-20,上午,A1,case,0,11.17,37.72,0,1,minute,1
T04236,P0132,2026-04-20,上午,A2,case,0,39.55,24.04,0,0,minute,1
T04237,P0912,2026-04-20,下午,A1,case,0,-1,12.33,0,1,minute,1
T04238,P2361,2026-04-20,上午,A2,case,0,30.24,20.04,0,1,minute,1
T04239,P0761,2026-04-20,下午,A1,basic,1,277.8,5.41,0,1,second,1
T04240,P2151,2026-04-20,上午,A2,case,0,13.26,42.08,0,1,minute,1
T04241,P0964,2026-04-20,上午,B1,case,1,27.63,,1,0,minute,1
T04242,P1976,2026-04-20,上午,B2,case,0,19.34,25.64,0,0,minute,1
T04243,P0161,2026-04-20,下午,B1,basic,1,4.88,7.26,0,1,minute,1
T04244,P0756,2026-04-20,下午,B2,basic,1,4.01,2.54,0,1,minute,1
T04245,P2046,2026-04-20,上午,B1,case,1,12.43,16.41,0,1,minute,1
T04246,P2088,2026-04-20,下午,B2,basic,0,8.58,9.34,0,1,minute,1
T04247,P2140,2026-04-20,下午,B1,case,0,14.09,12.36,0,1,minute,1
T04248,P1464,2026-04-20,上午,B2,basic,1,7.69,9.71,0,0,minute,1
T04249,P1571,2026-04-20,上午,B1,case,0,34.04,,1,0,minute,1
T04250,P1705,2026-04-20,上午,B2,basic,0,25.56,,1,0,minute,1
T04251,P1351,2026-04-20,上午,B1,basic,0,6.1,11.45,0,1,minute,1
T04252,P0476,2026-04-20,上午,B2,case,0,61.35,20.76,0,1,minute,1
T04252,P0476,2026-04-20,上午,B2,case,0,61.35,20.76,0,1,minute,1
T04253,P2071,2026-04-20,上午,B1,basic,0,15.51,12.79,0,1,minute,1
T04254,P1394,2026-04-20,上午,B2,basic,0,20.14,2.96,0,1,minute,1
T04255,P1960,2026-04-20,下午,B1,basic,1,4.56,5.91,0,1,minute,1
T04256,P0522,2026-04-20,上午,B2,basic,1,8.56,7.55,0,1,minute,1
T04257,P2011,2026-04-20,上午,B1,basic,0,8.82,7.74,0,1,minute,1
T04258,P1844,2026-04-20,上午,B2,basic,1,69.03,,1,0,minute,1
T04259,P0477,2026-04-20,上午,B1,case,0,56.07,21.15,0,1,minute,1
T04260,P2421,2026-04-20,下午,B2,basic,0,8.9,8.52,0,1,minute,1
T04261,P0989,2026-04-20,上午,B1,basic,0,12.54,9.46,0,1,minute,1
T04262,P1755,2026-04-20,下午,B2,basic,1,4.98,3.52,0,1,minute,1
T04262,P1755,2026-04-20,下午,B2,basic,1,4.48,3.52,0,1,minute,2
T04263,P1295,2026-04-20,上午,B1,,1,12.66,3.53,0,1,minute,1
T04264,P0994,2026-04-20,上午,B2,basic,1,7.39,15.36,0,0,minute,1
T04265,P0927,2026-04-20,上午,B1,case,0,148.04,1.79,0,1,minute,1
T04266,P1480,2026-04-20,下午,B2,basic,0,8.81,8.03,0,1,minute,1
T04267,P2476,2026-04-20,上午,B1,case,1,77.06,,1,0,minute,1
T04268,P1030,2026-04-20,上午,B2,case,0,2122.8,,1,0,second,1
T04269,P0115,2026-04-20,下午,B1,basic,0,8.5,3.45,0,1,minute,1
T04270,P2640,2026-04-20,上午,B2,basic,1,4.21,8.08,0,0,minute,1
T04271,P0438,2026-04-20,下午,B1,case,0,18.97,25.6,0,1,minute,1
T04272,P1929,2026-04-20,上午,B2,case,0,10.23,25.18,0,1,minute,1
T04273,P2588,2026-04-20,下午,B1,basic,1,7.32,4.95,0,1,minute,1
T04274,P2278,2026-04-20,上午,B2,basic,0,14.53,3.95,0,1,minute,1
T04275,P2582,2026-04-20,上午,B1,basic,0,7.6,11.72,0,1,minute,1
T04276,P1784,2026-04-20,上午,B2,case,0,24.83,12.32,0,0,minute,1
T04277,P1221,2026-04-20,下午,B1,basic,0,5.48,2.88,0,1,minute,1
T04278,P0230,2026-04-20,上午,B2,basic,0,25.46,,1,0,minute,1
T04279,P2272,2026-04-20,下午,B1,basic,0,21.16,2.93,0,1,minute,1
T04280,P1571,2026-04-20,下午,B2,basic,1,4.35,2.79,0,1,minute,1
T04281,P2553,2026-04-20,上午,C1,case,1,50.68,24.95,0,0,minute,1
T04282,P1820,2026-04-20,上午,C2,basic,1,8.74,11.91,0,1,minute,1
T04283,P0106,2026-04-20,上午,C1,basic,0,24.73,2.55,0,1,minute,1
T04283,P0106,2026-04-20,上午,C1,basic,0,24.73,2.55,0,1,minute,1
T04284,P0052,2026-04-20,上午,C2,basic,0,999,3.48,0,1,minute,1
T04285,P1963,2026-04-20,上午,C1,basic,0,6.65,1.76,0,1,minute,1
T04286,P0699,2026-04-20,下午,C2,basic,1,4.21,6.98,0,0,minute,1
T04287,P0405,2026-04-20,上午,C1,case,0,17.02,26.74,0,0,minute,1
T04288,P0503,2026-04-20,下午,C2,case,0,12.64,7.09,0,1,minute,1
T04289,P0534,2026-04-20,下午,C1,basic,0,13.77,16.76,0,1,minute,1
T04290,P2423,2026-04-20,下午,C2,basic,1,3.1,4.46,0,0,minute,1
T04291,P1880,2026-04-20,上午,C1,case,0,21.51,19.76,0,1,minute,1
T04292,P1045,2026-04-20,下午,C2,case,0,22.55,12.67,0,1,minute,1
T04293,P0460,2026-04-20,上午,C1,basic,1,4.33,16.27,0,1,minute,1
T04294,P1856,2026-04-20,上午,C2,case,0,34.61,9.56,0,1,minute,1
T04295,P2182,2026-04-20,上午,C1,basic,0,4.49,4.33,0,1,minute,1
T04296,P2389,2026-04-20,上午,C2,case,0,45.17,,1,0,minute,1
T04297,P1717,2026-04-20,上午,C1,basic,0,394.2,2.05,0,,second,1
T04298,P2460,2026-04-20,上午,C2,basic,0,15.35,7.71,0,1,minute,1
T04299,P1937,2026-04-20,上午,C1,case,0,36.94,,1,0,minute,1
T04300,P1314,2026-04-20,上午,C2,basic,1,7.87,10.11,0,1,minute,1
T04301,P1438,2026-04-20,下午,C1,basic,1,5.97,5.15,0,1,minute,1
T04302,P0934,2026-04-20,下午,C2,basic,1,5.54,4.53,0,1,minute,1
T04303,P1781,2026-04-20,上午,C1,case,0,44.09,26.72,0,1,minute,1
T04304,P0850,2026-04-20,上午,C2,basic,1,5.83,3.89,0,1,minute,1
T04305,P2437,2026-04-20,上午,C1,basic,1,8.32,2.61,0,1,minute,1
T04306,P0103,2026-04-20,上午,C2,basic,1,7.97,5.73,0,1,minute,1
T04307,P1622,2026-04-20,上午,C1,basic,1,19.34,4.47,0,1,minute,1
T04308,P2087,2026-04-20,下午,C2,case,0,21.2,12.16,0,1,minute,1
T04309,P1148,2026-04-20,下午,C1,basic,0,11.72,4.59,0,1,minute,1
T04309,P1148,2026-04-20,下午,C1,basic,0,10.55,4.59,0,1,minute,2
T04310,P0865,2026-04-20,下午,C2,case,0,22.25,31.03,0,1,minute,1
T04311,P1272,2026-04-20,下午,C1,case,0,18.01,7.29,0,1,minute,1
T04312,P1997,2026-04-20,下午,C2,basic,1,11.56,7.1,0,1,minute,1
T04313,P1592,2026-04-20,下午,C1,basic,0,5.16,2.64,0,1,minute,1
T04314,P2198,2026-04-20,下午,C2,basic,1,2.82,9.95,0,1,minute,1
T04314,P2198,2026-04-20,下午,C2,basic,1,2.82,9.95,0,1,minute,1
T04315,P2588,2026-04-20,上午,C1,basic,1,8.7,4.07,0,1,minute,1
T04316,P2297,2026-04-20,下午,C2,case,1,14.3,26.9,0,1,minute,1
T04317,P0869,2026-04-20,下午,C1,case,0,9.31,31.87,0,0,minute,1
T04318,P0232,2026-04-20,上午,C2,case,0,26.09,49.42,0,0,minute,1
T04319,P0845,2026-04-20,上午,C1,basic,1,6.49,8.01,0,1,minute,1
T04320,P1043,2026-04-20,下午,C2,basic,1,4.3,9.01,0,1,minute,1
T04321,P0089,2026-04-21,上午,A1,case,0,33.01,,1,0,minute,1
T04322,P2152,2026-04-21,上午,A2,case,0,56.52,15.93,0,1,minute,1
T04323,P1868,2026-04-21,上午,A1,case,0,28.59,,1,0,minute,1
T04324,P0653,2026-04-21,上午,A2,basic,0,8.33,3.46,0,0,minute,1
T04325,P0735,2026-04-21,上午,A1,case,0,17.27,17.93,0,1,minute,1
T04326,P2502,2026-04-21,上午,A2,case,1,567.0,33.8,0,1,second,1
T04327,P0061,2026-04-21,下午,A1,case,0,8.81,18.22,0,1,minute,1
T04328,P2052,2026-04-21,上午,A2,case,1,6.62,11.21,0,1,minute,1
T04329,P0471,2026-04-21,上午,A1,basic,1,4.83,12.47,0,1,minute,1
T04330,P1288,2026-04-21,上午,A2,case,0,26.8,11.36,0,1,minute,1
T04331,P1697,2026-04-21,下午,A1,basic,1,3.15,7.62,0,1,minute,1
T04332,P2102,2026-04-21,上午,A2,case,0,34.82,12.65,0,1,minute,1
T04333,P2231,2026-04-21,上午,A1,basic,1,2.3,5.1,0,1,minute,1
T04334,P0944,2026-04-21,下午,A2,case,0,6.55,27.59,0,1,minute,1
T04335,P1642,2026-04-21,上午,A1,basic,1,4.5,3.53,0,1,minute,1
T04336,P1450,2026-04-21,上午,A2,case,0,34.83,16.87,0,1,minute,1
T04337,P0223,2026-04-21,上午,A1,case,0,8.14,36.14,0,0,minute,1
T04338,P2575,2026-04-21,下午,A2,case,0,18.38,5.08,0,0,minute,1
T04339,P0851,2026-04-21,上午,A1,case,0,18.82,19.85,0,1,minute,1
T04340,P0239,2026-04-21,上午,A2,case,0,11.75,16.63,0,1,minute,1
T04341,P1725,2026-04-21,上午,A1,case,0,23.94,13.17,0,1,minute,1
T04342,P1392,2026-04-21,下午,A2,basic,1,4.06,4.27,0,0,minute,1
T04343,P0043,2026-04-21,下午,A1,case,0,19.4,11.68,0,1,minute,1
T04344,P1647,2026-04-21,下午,A2,basic,1,7.01,5.87,0,1,minute,1
T04345,P0737,2026-04-21,下午,A1,case,0,19.58,4.47,0,1,minute,1
T04345,P0737,2026-04-21,下午,A1,case,0,19.58,4.47,0,1,minute,1
T04346,P1064,2026-04-21,上午,A2,case,0,17.12,12.32,0,0,minute,1
T04347,P1983,2026-04-21,下午,A1,case,0,28.87,,1,0,minute,1
T04348,P1201,2026-04-21,上午,A2,case,0,28.33,,1,0,minute,1
T04349,P1241,2026-04-21,上午,A1,basic,1,17.03,5.24,0,1,minute,1
T04350,P2186,2026-04-21,下午,A2,basic,0,3.43,8.97,0,1,minute,1
T04351,P2607,2026-04-21,下午,A1,basic,0,6.73,2.75,0,1,minute,1
T04352,P0833,2026-04-21,上午,A2,case,0,11.73,13.51,0,1,minute,1
T04353,P0620,2026-04-21,上午,A1,case,0,20.95,24.5,0,1,minute,1
T04354,P1490,2026-04-21,上午,A2,basic,0,6.83,1.87,0,1,minute,1
T04355,P2037,2026-04-21,上午,A1,case,0,1727.4,12.35,0,0,second,1
T04356,P0914,2026-04-21,下午,A2,case,1,8.54,30.5,0,0,minute,1
T04356,P0914,2026-04-21,下午,A2,case,1,7.69,30.5,0,0,minute,2
T04357,P0293,2026-04-21,上午,A1,case,0,18.65,9.67,0,1,minute,1
T04358,P1358,2026-04-21,上午,A2,case,0,24.64,36.28,0,1,minute,1
T04359,P1698,2026-04-21,上午,A1,case,0,45.83,9.4,0,1,minute,1
T04360,P1074,2026-04-21,上午,A2,case,0,9.9,9.6,0,1,minute,1
T04361,P0553,2026-04-21,下午,B1,basic,1,5.72,10.27,0,1,minute,1
T04362,P0809,2026-04-21,下午,B2,case,0,29.41,14.83,0,0,minute,1
T04363,P0448,2026-04-21,上午,B1,basic,1,10.64,6.27,0,1,minute,1
T04364,P1202,2026-04-21,下午,B2,basic,1,4.69,5.03,0,1,minute,1
T04365,P2262,2026-04-21,上午,B1,basic,0,16.23,6.02,0,1,minute,1
T04366,P2374,2026-04-21,上午,B2,basic,1,2.37,10.32,0,1,minute,1
T04367,P0382,2026-04-21,上午,B1,basic,1,5.07,11.45,0,1,minute,1
T04368,P1962,2026-04-21,下午,B2,basic,0,1.82,4.88,0,1,minute,1
T04369,P0640,2026-04-21,上午,B1,basic,0,4.66,4.09,0,1,minute,1
T04370,P2134,2026-04-21,下午,B2,basic,0,4.66,2.3,0,1,minute,1
T04371,P2066,2026-04-21,下午,B1,basic,0,7.18,0.96,0,1,minute,1
T04372,P0150,2026-04-21,上午,B2,basic,0,8.06,11.49,0,1,minute,1
T04373,P0956,2026-04-21,下午,B1,basic,1,4.51,4.43,0,1,minute,1
T04374,P1436,2026-04-21,下午,B2,basic,1,4.7,9.44,0,1,minute,1
T04375,P0046,2026-04-21,上午,B1,basic,1,8.51,8.32,0,0,minute,1
T04376,P0067,2026-04-21,上午,B2,basic,1,7.44,2.52,0,0,minute,1
T04376,P0067,2026-04-21,上午,B2,basic,1,7.44,2.52,0,0,minute,1
T04377,P2296,2026-04-21,下午,B1,basic,1,8.36,5.79,0,1,minute,1
T04378,P2511,2026-04-21,上午,B2,basic,1,2.26,3.1,0,1,minute,1
T04379,P1461,2026-04-21,上午,B1,basic,0,93.02,1.34,0,1,minute,1
T04380,P1307,2026-04-21,下午,B2,basic,1,6.05,7.87,0,1,minute,1
T04381,P1606,2026-04-21,下午,B1,case,0,21.76,10.39,0,1,minute,1
T04382,P0926,2026-04-21,上午,B2,case,1,11.94,26.42,0,1,minute,1
T04383,P0688,2026-04-21,下午,B1,case,0,14.92,29.78,0,1,minute,1
T04384,P0581,2026-04-21,上午,B2,basic,1,629.4,7.32,0,1,second,1
T04385,P1896,2026-04-21,下午,B1,basic,0,7.94,15.35,0,1,minute,1
T04386,P1052,2026-04-21,上午,B2,basic,1,8.67,2.67,0,1,minute,1
T04387,P2209,2026-04-21,上午,B1,basic,0,10.41,5.04,0,1,minute,1
T04388,P2286,2026-04-21,下午,B2,basic,0,4.16,6.42,0,0,minute,1
T04389,P2270,2026-04-21,上午,B1,case,0,27.01,14.93,0,1,minute,1
T04390,P0728,2026-04-21,上午,B2,case,1,13.75,30.61,0,1,minute,1
T04391,P1098,2026-04-21,下午,UNKNOWN,case,0,21.15,28.81,0,1,minute,1
T04392,P1942,2026-04-21,上午,B2,basic,1,3.01,4.81,0,0,minute,1
T04393,P1310,2026-04-21,下午,B1,basic,0,6.02,5.86,0,1,minute,1
T04394,P2039,2026-04-21,上午,B2,,1,-1,14.29,0,0,minute,1
T04395,P0202,2026-04-21,上午,B1,basic,1,6.57,2.55,0,1,minute,1
T04396,P0419,2026-04-21,上午,B2,basic,0,6.85,5.32,0,0,minute,1
T04397,P2286,2026-04-21,上午,B1,basic,0,999,4.18,0,1,minute,1
T04398,P0231,2026-04-21,上午,B2,basic,1,9.0,7.26,0,1,minute,1
T04399,P1079,2026-04-21,下午,B1,basic,0,7.63,4.28,0,1,minute,1
T04400,P0459,2026-04-21,上午,B2,basic,0,5.82,8.65,0,1,minute,1
T04401,P1853,2026-04-21,上午,C1,case,0,15.73,15.2,0,1,minute,1
T04402,P1249,2026-04-21,下午,C2,basic,0,6.85,7.74,0,1,minute,1
T04403,P2312,2026-04-21,上午,C1,basic,0,7.28,9.08,0,0,minute,1
T04403,P2312,2026-04-21,上午,C1,basic,0,6.55,9.08,0,0,minute,2
T04404,P1068,2026-04-21,上午,C2,basic,0,5.07,4.36,0,1,minute,1
T04405,P2488,2026-04-21,上午,C1,basic,0,11.8,2.72,0,0,minute,1
T04406,P0132,2026-04-21,下午,C2,case,0,17.99,17.73,0,1,minute,1
T04407,P0817,2026-04-21,下午,C1,case,1,19.38,5.85,0,1,minute,1
T04407,P0817,2026-04-21,下午,C1,case,1,19.38,5.85,0,1,minute,1
T04408,P0817,2026-04-21,上午,C2,case,0,14.67,29.0,0,1,minute,1
T04409,P0713,2026-04-21,上午,C1,case,0,18.11,11.95,0,1,minute,1
T04410,P2496,2026-04-21,下午,C2,basic,0,4.73,8.82,0,1,minute,1
T04411,P0716,2026-04-21,上午,C1,case,1,36.78,15.97,0,1,minute,1
T04412,P0845,2026-04-21,下午,C2,basic,1,8.45,2.51,0,1,minute,1
T04413,P1197,2026-04-21,下午,C1,basic,1,268.8,8.5,0,1,second,1
T04414,P1171,2026-04-21,上午,C2,case,0,46.77,20.65,0,1,minute,1
T04415,P1247,2026-04-21,上午,C1,basic,0,8.45,14.69,0,1,minute,1
T04416,P2283,2026-04-21,上午,C2,case,1,11.4,5.37,0,0,minute,1
T04417,P1212,2026-04-21,上午,C1,basic,1,15.28,10.72,0,1,minute,1
T04418,P0311,2026-04-21,上午,C2,basic,0,10.57,3.04,0,1,minute,1
T04419,P0264,2026-04-21,上午,C1,case,0,31.58,10.37,0,1,minute,1
T04420,P0054,2026-04-21,上午,C2,case,0,51.95,2.89,0,1,minute,1
T04421,P0259,2026-04-21,下午,C1,basic,0,10.68,18.24,0,1,minute,1
T04422,P1701,2026-04-21,下午,C2,case,1,22.94,24.48,0,1,minute,1
T04423,P2235,2026-04-21,上午,C1,case,0,8.09,3.48,0,0,minute,1
T04424,P1348,2026-04-21,上午,C2,basic,0,5.6,4.8,0,1,minute,1
T04425,P2532,2026-04-21,上午,C1,basic,0,9.23,1.26,0,1,minute,1
T04426,P2495,2026-04-21,上午,C2,case,0,21.75,10.07,0,1,minute,1
T04427,P0364,2026-04-21,上午,C1,case,0,48.3,21.34,0,1,minute,1
T04428,P0324,2026-04-21,上午,C2,basic,0,9.02,4.35,0,1,minute,1
T04429,P2657,2026-04-21,上午,C1,case,1,21.23,28.23,0,1,minute,1
T04430,P1959,2026-04-21,下午,C2,basic,0,6.31,6.36,0,1,minute,1
T04431,P0075,2026-04-21,上午,C1,case,0,12.01,15.21,0,0,minute,1
T04432,P1506,2026-04-21,下午,C2,case,0,11.7,18.21,0,1,minute,1
T04433,P0786,2026-04-21,上午,C1,case,0,54.87,2.29,0,0,minute,1
T04434,P1218,2026-04-21,上午,C2,basic,1,3.4,4.38,0,0,minute,1
T04435,P2591,2026-04-21,上午,C1,case,0,19.97,12.78,0,1,minute,1
T04436,P2673,2026-04-21,上午,C2,basic,0,3.79,12.5,0,1,minute,1
T04437,P0575,2026-04-21,下午,C1,basic,0,8.66,10.25,0,1,minute,1
T04438,P1548,2026-04-21,下午,C2,case,0,12.76,7.66,0,1,minute,1
T04438,P1548,2026-04-21,下午,C2,case,0,12.76,7.66,0,1,minute,1
T04439,P1341,2026-04-21,上午,C1,basic,0,5.84,15.61,0,1,minute,1
T04440,P1513,2026-04-21,上午,C2,basic,0,11.99,9.63,0,1,minute,1
T04441,P1756,2026-04-22,上午,A1,case,0,40.76,,1,0,minute,1
T04442,P0431,2026-04-22,上午,A2,basic,0,811.8,4.92,0,1,second,1
T04443,P1566,2026-04-22,下午,A1,case,0,20.21,11.6,0,1,minute,1
T04444,P1221,2026-04-22,上午,A2,case,1,10.57,16.1,0,1,minute,1
T04445,P1220,2026-04-22,上午,A1,case,1,18.74,37.66,0,0,minute,1
T04446,P2597,2026-04-22,上午,A2,case,0,12.3,8.54,0,1,minute,1
T04447,P2094,2026-04-22,上午,A1,case,0,29.14,21.89,0,0,minute,1
T04448,P0623,2026-04-22,上午,A2,case,0,9.38,16.78,0,0,minute,1
T04449,P1759,2026-04-22,上午,A1,case,0,17.26,31.33,0,0,minute,1
T04450,P0673,2026-04-22,下午,A2,case,0,23.06,10.62,0,1,minute,1
T04450,P0673,2026-04-22,下午,A2,case,0,20.75,10.62,0,1,minute,2
T04451,P2595,2026-04-22,上午,A1,basic,1,6.78,8.54,0,1,minute,1
T04452,P2367,2026-04-22,下午,A2,case,0,20.54,13.36,0,1,minute,1
T04453,P1942,2026-04-22,下午,A1,case,1,7.22,7.57,0,0,minute,1
T04454,P2352,2026-04-22,上午,A2,case,0,7.47,29.02,0,1,minute,1
T04455,P1196,2026-04-22,上午,A1,case,0,53.8,24.76,0,0,minute,1
T04456,P1826,2026-04-22,上午,A2,case,0,40.07,10.75,0,1,minute,1
T04457,P2308,2026-04-22,上午,A1,case,0,13.42,13.12,0,1,minute,1
T04458,P1809,2026-04-22,上午,A2,case,0,5.47,13.51,0,1,minute,1
T04459,P2195,2026-04-22,下午,A1,case,0,9.88,34.25,0,1,minute,1
T04460,P2589,2026-04-22,下午,A2,case,1,3.6,11.36,0,1,minute,1
T04461,P1162,2026-04-22,上午,A1,basic,1,6.88,6.8,0,1,minute,1
T04462,P2116,2026-04-22,下午,A2,basic,0,4.24,2.48,0,1,minute,1
T04463,P1829,2026-04-22,上午,A1,case,0,51.65,,1,0,minute,1
T04464,P1562,2026-04-22,上午,A2,case,1,4.31,20.44,0,1,minute,1
T04465,P1351,2026-04-22,上午,A1,case,0,10.06,8.43,0,0,minute,1
T04466,P0705,2026-04-22,上午,A2,case,0,16.4,28.59,0,1,minute,1
T04467,P1878,2026-04-22,下午,A1,case,1,8.27,11.9,0,1,minute,1
T04468,P1742,2026-04-22,下午,A2,basic,0,2.84,11.55,0,1,minute,1
T04469,P2282,2026-04-22,下午,A1,case,0,14.06,8.68,0,0,minute,1
T04469,P2282,2026-04-22,下午,A1,case,0,14.06,8.68,0,0,minute,1
T04470,P1629,2026-04-22,上午,A2,case,0,13.72,10.14,0,,minute,1
T04471,P0311,2026-04-22,下午,A1,basic,1,400.2,8.6,0,1,second,1
T04472,P1044,2026-04-22,上午,A2,case,0,23.62,20.87,0,1,minute,1
T04473,P2468,2026-04-22,下午,A1,case,1,12.79,27.4,0,1,minute,1
T04474,P1420,2026-04-22,上午,A2,case,0,3.34,28.64,0,1,minute,1
T04475,P0857,2026-04-22,上午,A1,case,0,8.57,5.32,0,1,minute,1
T04476,P2129,2026-04-22,下午,A2,case,1,17.68,14.9,0,1,minute,1
T04477,P2235,2026-04-22,上午,A1,basic,1,1.76,5.48,0,1,minute,1
T04478,P2396,2026-04-22,上午,A2,case,0,7.08,28.11,0,0,minute,1
T04479,P0748,2026-04-22,上午,A1,case,0,23.94,12.65,0,0,minute,1
T04480,P1401,2026-04-22,上午,A2,basic,1,14.45,4.29,0,1,minute,1
T04481,P1161,2026-04-22,下午,B1,case,0,10.1,25.93,0,1,minute,1
T04482,P2409,2026-04-22,下午,B2,basic,1,1.43,8.23,0,1,minute,1
T04483,P1227,2026-04-22,上午,B1,basic,0,12.75,3.82,0,1,minute,1
T04484,P1924,2026-04-22,下午,B2,basic,0,4.42,3.6,0,0,minute,1
T04485,P1716,2026-04-22,上午,B1,basic,1,6.8,4.18,0,1,minute,1
T04486,P2671,2026-04-22,上午,B2,basic,1,7.23,7.52,0,1,minute,1
T04487,P1342,2026-04-22,上午,B1,basic,1,12.03,9.05,0,1,minute,1
T04488,P0893,2026-04-22,上午,B2,basic,0,9.56,11.83,0,1,minute,1
T04489,P1325,2026-04-22,上午,B1,basic,0,12.5,9.71,0,1,minute,1
T04490,P2143,2026-04-22,上午,B2,case,1,20.68,4.29,0,0,minute,1
T04491,P1819,2026-04-22,下午,B1,basic,1,4.88,3.69,0,1,minute,1
T04492,P0670,2026-04-22,下午,B2,basic,0,6.84,1.43,0,1,minute,1
T04493,P0194,2026-04-22,上午,B1,case,0,51.06,22.55,0,1,minute,1
T04494,P0359,2026-04-22,下午,B2,basic,0,11.33,17.92,0,1,minute,1
T04495,P1430,2026-04-22,上午,B1,basic,0,4.71,13.64,0,1,minute,1
T04496,P1813,2026-04-22,下午,B2,basic,1,2.58,8.23,0,1,minute,1
T04497,P0403,2026-04-22,下午,B1,basic,0,9.05,5.46,0,1,minute,1
T04497,P0403,2026-04-22,下午,B1,basic,0,8.15,5.46,0,1,minute,2
T04498,P0099,2026-04-22,上午,B2,basic,1,4.97,3.47,0,1,minute,1
T04499,P0647,2026-04-22,上午,B1,basic,1,12.74,5.87,0,1,minute,1
T04500,P0977,2026-04-22,下午,B2,basic,1,187.2,4.52,0,1,second,1
T04500,P0977,2026-04-22,下午,B2,basic,1,187.2,4.52,0,1,second,1
T04501,P0946,2026-04-22,上午,B1,basic,0,6.84,10.37,0,1,minute,1
T04502,P0479,2026-04-22,下午,B2,case,0,13.51,3.59,0,1,minute,1
T04503,P1958,2026-04-22,上午,B1,basic,0,10.43,7.55,0,1,minute,1
T04504,P1181,2026-04-22,上午,B2,basic,0,11.04,9.33,0,1,minute,1
T04505,P1834,2026-04-22,上午,B1,case,0,11.81,32.52,0,0,minute,1
T04506,P1408,2026-04-22,下午,B2,case,0,16.75,5.3,0,1,minute,1
T04507,P1206,2026-04-22,上午,B1,basic,0,11.69,9.38,0,1,minute,1
T04508,P1515,2026-04-22,下午,B2,basic,1,2.78,3.96,0,1,minute,1
T04509,P0755,2026-04-22,上午,B1,case,0,35.25,13.69,0,1,minute,1
T04510,P0259,2026-04-22,下午,B2,basic,1,999,4.33,0,1,minute,1
T04511,P0050,2026-04-22,上午,B1,case,0,29.18,,1,0,minute,1
T04512,P0477,2026-04-22,下午,B2,basic,0,12.68,6.85,0,1,minute,1
T04513,P1399,2026-04-22,上午,B1,basic,0,7.86,5.01,0,1,minute,1
T04514,P0302,2026-04-22,上午,B2,case,0,24.86,36.73,0,1,minute,1
T04515,P1895,2026-04-22,下午,B1,basic,1,9.86,18.91,0,1,minute,1
T04516,P0554,2026-04-22,上午,B2,basic,0,7.41,7.18,0,1,minute,1
T04517,P1555,2026-04-22,下午,B1,basic,0,11.46,5.73,0,1,minute,1
T04518,P2407,2026-04-22,上午,B2,basic,0,8.42,7.4,0,1,minute,1
T04519,P0951,2026-04-22,下午,B1,basic,1,2.32,3.37,0,1,minute,1
T04520,P0904,2026-04-22,下午,B2,basic,1,15.02,7.93,0,1,minute,1
T04521,P1018,2026-04-22,上午,C1,basic,0,21.77,9.35,0,1,minute,1
T04522,P0245,2026-04-22,上午,C2,case,1,54.34,22.84,0,1,minute,1
T04523,P0553,2026-04-22,上午,C1,case,0,36.63,26.19,0,0,minute,1
T04524,P2611,2026-04-22,上午,C2,case,0,24.84,9.81,0,1,minute,1
T04525,P1673,2026-04-22,下午,C1,,1,6.37,11.05,0,1,minute,1
T04526,P1643,2026-04-22,上午,C2,basic,1,5.53,4.0,0,1,minute,1
T04527,P1537,2026-04-22,下午,C1,basic,0,4.1,2.47,0,1,minute,1
T04528,P1696,2026-04-22,上午,C2,case,1,13.4,17.87,0,1,minute,1
T04529,P0249,2026-04-22,上午,C1,basic,1,550.2,6.48,0,1,second,1
T04530,P1868,2026-04-22,上午,C2,case,0,59.79,5.11,0,0,minute,1
T04531,P0341,2026-04-22,上午,C1,basic,1,4.28,15.16,0,1,minute,1
T04531,P0341,2026-04-22,上午,C1,basic,1,4.28,15.16,0,1,minute,1
T04532,P0240,2026-04-22,上午,C2,case,0,23.35,3.51,0,1,minute,1
T04533,P1001,2026-04-22,上午,C1,case,0,22.66,18.97,0,0,minute,1
T04534,P2530,2026-04-22,上午,C2,case,0,23.05,28.76,0,1,minute,1
T04535,P0846,2026-04-22,上午,C1,case,0,9.58,20.36,0,0,minute,1
T04536,P2417,2026-04-22,下午,C2,case,0,13.11,22.09,0,1,minute,1
T04537,P1170,2026-04-22,上午,C1,basic,0,7.34,19.79,0,1,minute,1
T04538,P0093,2026-04-22,上午,C2,basic,0,8.53,5.27,0,1,minute,1
T04539,P0461,2026-04-22,上午,C1,case,0,26.06,,1,0,minute,1
T04540,P2651,2026-04-22,上午,C2,case,0,117.59,33.92,0,1,minute,1
T04541,P1321,2026-04-22,上午,C1,case,0,10.85,5.69,0,1,minute,1
T04542,P0475,2026-04-22,下午,C2,basic,1,2.1,10.06,0,1,minute,1
T04543,P2043,2026-04-22,上午,C1,case,0,31.74,7.89,0,1,minute,1
T04544,P2437,2026-04-22,下午,C2,case,0,30.56,10.97,0,1,minute,1
T04544,P2437,2026-04-22,下午,C2,case,0,27.5,10.97,0,1,minute,2
T04545,P1311,2026-04-22,上午,C1,basic,0,13.39,3.59,0,1,minute,1
T04546,P0273,2026-04-22,上午,C2,basic,1,5.1,6.9,0,1,minute,1
T04547,P2421,2026-04-22,上午,C1,basic,1,5.98,5.4,0,1,minute,1
T04548,P2618,2026-04-22,上午,C2,case,0,10.84,20.88,0,1,minute,1
T04549,P1663,2026-04-22,上午,C1,basic,1,4.75,6.12,0,1,minute,1
T04550,P1568,2026-04-22,下午,C2,basic,1,2.43,2.59,0,1,minute,1
T04551,P2091,2026-04-22,下午,C1,case,1,-1,43.25,0,1,minute,1
T04552,P0243,2026-04-22,下午,C2,basic,0,7.5,4.92,0,1,minute,1
T04553,P1984,2026-04-22,下午,C1,case,1,12.76,21.6,0,1,minute,1
T04554,P1261,2026-04-22,上午,C2,basic,1,4.42,0.88,0,1,minute,1
T04555,P1173,2026-04-22,上午,C1,basic,1,2.62,2.72,0,1,minute,1
T04556,P0327,2026-04-22,下午,C2,case,0,22.96,17.47,0,1,minute,1
T04557,P0422,2026-04-22,下午,C1,case,1,18.23,19.18,0,1,minute,1
T04558,P0719,2026-04-22,上午,C2,case,1,1057.8,32.76,0,1,second,1
T04559,P2413,2026-04-22,上午,C1,case,0,11.13,27.39,0,1,minute,1
T04560,P0470,2026-04-22,下午,C2,basic,0,51.46,3.42,0,1,minute,1
T04561,P2358,2026-04-23,下午,A1,basic,1,1.25,6.8,0,1,minute,1
T04562,P0745,2026-04-23,上午,A2,case,1,13.33,10.25,0,1,minute,1
T04562,P0745,2026-04-23,上午,A2,case,1,13.33,10.25,0,1,minute,1
T04563,P1338,2026-04-23,上午,A1,case,0,19.28,14.58,0,1,minute,1
T04564,P0324,2026-04-23,上午,A2,case,0,19.04,13.94,0,1,minute,1
T04565,P0467,2026-04-23,上午,A1,basic,0,17.02,8.25,0,1,minute,1
T04566,P0513,2026-04-23,上午,A2,case,0,18.81,17.24,0,1,minute,1
T04567,P0232,2026-04-23,上午,A1,case,0,12.84,12.41,0,1,minute,1
T04568,P2247,2026-04-23,下午,A2,case,0,99.25,10.58,0,1,minute,1
T04569,P2026,2026-04-23,上午,A1,case,1,16.87,12.92,0,1,minute,1
T04570,P1666,2026-04-23,上午,A2,case,1,10.32,16.45,0,1,minute,1
T04571,P2335,2026-04-23,上午,A1,case,0,67.0,,1,0,minute,1
T04572,P1625,2026-04-23,上午,A2,case,0,24.71,31.3,0,1,minute,1
T04573,P2511,2026-04-23,上午,A1,case,0,23.14,11.6,0,1,minute,1
T04574,P1139,2026-04-23,上午,A2,case,0,15.92,23.73,0,1,minute,1
T04575,P0311,2026-04-23,上午,A1,case,0,11.95,18.87,0,1,minute,1
T04576,P0554,2026-04-23,上午,A2,basic,1,5.66,9.75,0,1,minute,1
T04577,P1783,2026-04-23,上午,A1,case,1,8.05,14.6,0,1,minute,1
T04578,P1975,2026-04-23,上午,A2,case,0,17.68,23.34,0,1,minute,1
T04579,P0934,2026-04-23,上午,A1,case,1,15.91,9.04,0,0,minute,1
T04580,P1841,2026-04-23,上午,A2,case,0,9.03,15.46,0,1,minute,1
T04581,P1014,2026-04-23,上午,A1,case,0,9.61,8.51,0,1,minute,1
T04582,P2095,2026-04-23,上午,A2,case,0,10.46,8.7,0,1,minute,1
T04583,P1283,2026-04-23,上午,A1,case,0,61.12,11.88,0,1,minute,1
T04584,P2426,2026-04-23,上午,A2,basic,1,6.03,9.67,0,1,minute,1
T04585,P0539,2026-04-23,上午,A1,case,0,18.54,14.25,0,0,minute,1
T04586,P2256,2026-04-23,上午,A2,case,0,21.83,8.82,0,0,minute,1
T04587,P1004,2026-04-23,下午,A1,case,0,430.8,30.39,0,1,second,1
T04588,P0120,2026-04-23,下午,UNKNOWN,case,1,21.49,33.21,0,1,minute,1
T04589,P2364,2026-04-23,下午,A1,case,0,21.0,29.11,0,0,minute,1
T04590,P0464,2026-04-23,上午,A2,basic,1,11.58,4.29,0,1,minute,1
T04591,P0507,2026-04-23,上午,A1,case,0,13.02,9.36,0,1,minute,1
T04591,P0507,2026-04-23,上午,A1,case,0,11.72,9.36,0,1,minute,2
T04592,P2004,2026-04-23,上午,A2,case,1,11.83,28.68,0,0,minute,1
T04593,P0607,2026-04-23,下午,A1,case,0,51.29,,1,0,minute,1
T04593,P0607,2026-04-23,下午,A1,case,0,51.29,,1,0,minute,1
T04594,P0695,2026-04-23,上午,A2,case,0,18.03,6.4,0,1,minute,1
T04595,P2512,2026-04-23,上午,A1,case,1,11.22,3.75,0,1,minute,1
T04596,P0450,2026-04-23,上午,A2,case,0,9.81,10.04,0,1,minute,1
T04597,P1005,2026-04-23,上午,A1,basic,0,80.62,3.44,0,1,minute,1
T04598,P1474,2026-04-23,下午,A2,basic,1,1.74,3.5,0,1,minute,1
T04599,P1943,2026-04-23,上午,A1,case,0,6.6,10.9,0,1,minute,1
T04600,P2114,2026-04-23,上午,A2,case,1,9.19,13.57,0,0,minute,1
T04601,P2653,2026-04-23,上午,B1,basic,0,32.15,,1,0,minute,1
T04602,P2565,2026-04-23,下午,B2,basic,0,2.95,1.5,0,1,minute,1
T04603,P2646,2026-04-23,上午,B1,basic,1,5.57,10.46,0,1,minute,1
T04604,P1351,2026-04-23,上午,B2,basic,0,6.74,13.8,0,1,minute,1
T04605,P2034,2026-04-23,上午,B1,basic,0,6.05,8.23,0,1,minute,1
T04606,P2564,2026-04-23,下午,B2,basic,0,55.81,4.0,0,1,minute,1
T04607,P2457,2026-04-23,上午,B1,case,0,17.13,23.55,0,1,minute,1
T04608,P2119,2026-04-23,上午,B2,basic,1,6.68,4.64,0,1,minute,1
T04609,P2168,2026-04-23,下午,B1,case,1,9.18,13.13,0,0,minute,1
T04610,P1905,2026-04-23,上午,B2,basic,0,7.71,3.85,0,1,minute,1
T04611,P1437,2026-04-23,上午,B1,basic,0,11.7,6.36,0,1,minute,1
T04612,P0972,2026-04-23,上午,B2,basic,1,5.93,7.27,0,1,minute,1
T04613,P0094,2026-04-23,下午,B1,basic,1,4.98,3.33,0,1,minute,1
T04614,P1670,2026-04-23,下午,B2,basic,1,7.5,7.53,0,1,minute,1
T04615,P1304,2026-04-23,下午,B1,basic,1,6.98,19.83,0,1,minute,1
T04616,P0487,2026-04-23,上午,B2,case,0,1493.4,18.48,0,0,second,1
T04617,P2058,2026-04-23,上午,B1,basic,0,6.35,17.2,0,1,minute,1
T04618,P1983,2026-04-23,上午,B2,basic,1,4.79,18.15,0,1,minute,1
T04619,P2664,2026-04-23,上午,B1,basic,0,9.57,1.74,0,1,minute,1
T04620,P1437,2026-04-23,下午,B2,case,0,35.88,32.05,0,0,minute,1
T04621,P0256,2026-04-23,上午,B1,basic,1,10.59,7.42,0,1,minute,1
T04622,P1133,2026-04-23,下午,B2,basic,1,7.17,3.74,0,1,minute,1
T04623,P0979,2026-04-23,下午,B1,basic,0,999,13.77,0,1,minute,1
T04624,P2508,2026-04-23,上午,B2,basic,1,8.6,9.28,0,1,minute,1
T04624,P2508,2026-04-23,上午,B2,basic,1,8.6,9.28,0,1,minute,1
T04625,P1047,2026-04-23,上午,B1,basic,0,9.9,7.14,0,1,minute,1
T04626,P2314,2026-04-23,上午,B2,basic,0,10.31,4.47,0,1,minute,1
T04627,P0679,2026-04-23,上午,B1,basic,1,9.17,16.11,0,0,minute,1
T04628,P1501,2026-04-23,下午,B2,basic,0,5.48,4.87,0,1,minute,1
T04629,P1960,2026-04-23,下午,B1,basic,0,6.22,1.66,0,1,minute,1
T04630,P1115,2026-04-23,下午,B2,basic,1,4.42,2.71,0,1,minute,1
T04631,P2439,2026-04-23,上午,B1,basic,1,17.63,11.64,0,1,minute,1
T04632,P0988,2026-04-23,上午,B2,basic,0,5.8,3.83,0,1,minute,1
T04633,P2286,2026-04-23,上午,B1,basic,1,7.05,2.75,0,1,minute,1
T04634,P1769,2026-04-23,下午,B2,basic,1,3.89,6.41,0,1,minute,1
T04635,P0293,2026-04-23,上午,B1,basic,0,15.1,1.44,0,1,minute,1
T04636,P2033,2026-04-23,上午,B2,basic,1,5.6,6.72,0,1,minute,1
T04637,P1777,2026-04-23,上午,B1,basic,1,7.2,3.36,0,0,minute,1
T04638,P1367,2026-04-23,下午,B2,basic,1,3.5,14.1,0,1,minute,1
T04638,P1367,2026-04-23,下午,B2,basic,1,3.15,14.1,0,1,minute,2
T04639,P1443,2026-04-23,上午,B1,basic,0,20.39,9.09,0,1,minute,1
T04640,P0802,2026-04-23,下午,B2,case,0,22.47,26.04,0,0,minute,1
T04641,P0785,2026-04-23,上午,C1,basic,0,9.88,9.62,0,1,minute,1
T04642,P0154,2026-04-23,上午,C2,basic,0,20.46,6.87,0,1,minute,1
T04643,P1205,2026-04-23,下午,C1,case,0,21.54,21.34,0,,minute,1
T04644,P1359,2026-04-23,上午,C2,case,1,13.73,11.52,0,0,minute,1
T04645,P1244,2026-04-23,上午,C1,case,1,397.2,7.57,0,1,second,1
T04646,P0722,2026-04-23,上午,C2,case,1,2.94,11.32,0,0,minute,1
T04647,P0621,2026-04-23,上午,C1,basic,1,7.16,17.35,0,1,minute,1
T04648,P0244,2026-04-23,上午,C2,case,0,14.79,9.87,0,1,minute,1
T04649,P0111,2026-04-23,上午,C1,basic,1,4.15,13.09,0,1,minute,1
T04650,P2307,2026-04-23,上午,C2,case,1,17.1,13.21,0,1,minute,1
T04651,P1917,2026-04-23,上午,C1,case,1,7.11,15.37,0,1,minute,1
T04652,P1063,2026-04-23,上午,C2,case,0,26.03,15.56,0,1,minute,1
T04653,P1166,2026-04-23,上午,C1,basic,1,13.18,8.28,0,1,minute,1
T04654,P0977,2026-04-23,上午,C2,basic,1,1.83,13.29,0,1,minute,1
T04655,P0569,2026-04-23,上午,C1,basic,1,13.9,1.21,0,1,minute,1
T04655,P0569,2026-04-23,上午,C1,basic,1,13.9,1.21,0,1,minute,1
T04656,P2125,2026-04-23,上午,C2,,0,18.18,4.49,0,1,minute,1
T04657,P1755,2026-04-23,上午,C1,basic,1,5.09,9.3,0,1,minute,1
T04658,P0390,2026-04-23,下午,C2,case,0,25.17,14.35,0,1,minute,1
T04659,P1864,2026-04-23,上午,C1,case,1,21.72,8.25,0,0,minute,1
T04660,P1465,2026-04-23,上午,C2,basic,0,20.41,6.06,0,1,minute,1
T04661,P1633,2026-04-23,上午,C1,basic,0,13.11,3.4,0,1,minute,1
T04662,P1859,2026-04-23,下午,C2,basic,0,5.55,6.03,0,1,minute,1
T04663,P2052,2026-04-23,上午,C1,basic,1,9.59,4.49,0,1,minute,1
T04664,P1713,2026-04-23,上午,C2,case,0,11.24,27.19,0,0,minute,1
T04665,P2234,2026-04-23,下午,C1,case,0,9.94,22.06,0,1,minute,1
T04666,P1802,2026-04-23,上午,C2,basic,1,8.48,2.58,0,1,minute,1
T04667,P1832,2026-04-23,上午,C1,case,0,11.9,15.99,0,1,minute,1
T04668,P0320,2026-04-23,上午,C2,basic,0,7.19,6.25,0,1,minute,1
T04669,P0852,2026-04-23,下午,C1,case,0,33.32,12.9,0,1,minute,1
T04670,P2049,2026-04-23,上午,C2,case,0,15.63,9.76,0,0,minute,1
T04671,P0279,2026-04-23,上午,C1,basic,0,13.66,7.58,0,1,minute,1
T04672,P2462,2026-04-23,上午,C2,basic,0,8.07,13.7,0,1,minute,1
T04673,P0276,2026-04-23,上午,C1,case,0,17.66,32.24,0,0,minute,1
T04674,P2627,2026-04-23,上午,C2,case,1,689.4,21.69,0,1,second,1
T04675,P2132,2026-04-23,上午,C1,case,1,25.48,,1,0,minute,1
T04676,P1870,2026-04-23,上午,C2,basic,0,11.46,6.69,0,1,minute,1
T04677,P2604,2026-04-23,上午,C1,case,0,21.9,7.89,0,1,minute,1
T04678,P1416,2026-04-23,上午,C2,basic,0,7.02,6.73,0,1,minute,1
T04679,P0590,2026-04-23,上午,C1,basic,0,11.67,4.77,0,1,minute,1
T04680,P1944,2026-04-23,下午,C2,case,0,14.47,9.98,0,1,minute,1
T04681,P2609,2026-04-24,上午,A1,case,1,28.89,,1,0,minute,1
T04682,P1791,2026-04-24,上午,A2,case,0,16.56,3.3,0,1,minute,1
T04683,P0010,2026-04-24,上午,A1,case,1,9.28,21.61,0,1,minute,1
T04684,P0852,2026-04-24,下午,A2,basic,0,4.07,2.76,0,1,minute,1
T04685,P1168,2026-04-24,上午,A1,case,1,5.21,15.07,0,1,minute,1
T04685,P1168,2026-04-24,上午,A1,case,1,4.69,15.07,0,1,minute,2
T04686,P0026,2026-04-24,下午,A2,case,0,4.82,10.49,0,1,minute,1
T04686,P0026,2026-04-24,下午,A2,case,0,4.82,10.49,0,1,minute,1
T04687,P0366,2026-04-24,下午,A1,case,1,8.67,10.99,0,1,minute,1
T04688,P0744,2026-04-24,上午,A2,basic,1,5.36,12.29,0,1,minute,1
T04689,P2036,2026-04-24,上午,A1,case,1,13.22,57.47,0,0,minute,1
T04690,P1087,2026-04-24,下午,A2,case,0,12.5,9.59,0,1,minute,1
T04691,P2564,2026-04-24,上午,A1,case,0,18.19,4.23,0,1,minute,1
T04692,P2169,2026-04-24,上午,A2,case,1,37.44,1.5,0,0,minute,1
T04693,P0674,2026-04-24,上午,A1,basic,1,3.36,18.49,0,1,minute,1
T04694,P1009,2026-04-24,上午,A2,basic,1,9.79,6.67,0,1,minute,1
T04695,P1734,2026-04-24,上午,A1,case,1,13.1,26.8,0,0,minute,1
T04696,P2223,2026-04-24,上午,A2,case,0,13.95,11.01,0,1,minute,1
T04697,P2415,2026-04-24,上午,A1,case,0,16.91,22.66,0,1,minute,1
T04698,P2023,2026-04-24,下午,A2,basic,1,1.9,11.66,0,1,minute,1
T04699,P0214,2026-04-24,下午,A1,case,0,13.35,12.25,0,1,minute,1
T04700,P1543,2026-04-24,上午,A2,basic,0,11.87,6.86,0,0,minute,1
T04701,P2335,2026-04-24,下午,A1,case,1,13.32,23.0,0,1,minute,1
T04702,P1027,2026-04-24,下午,A2,case,1,8.84,23.48,0,1,minute,1
T04703,P0377,2026-04-24,上午,A1,basic,1,102.0,7.68,0,1,second,1
T04704,P2386,2026-04-24,上午,A2,case,1,10.76,13.75,0,1,minute,1
T04705,P0046,2026-04-24,上午,A1,case,1,6.53,14.68,0,1,minute,1
T04706,P1276,2026-04-24,下午,A2,case,0,18.48,27.94,0,1,minute,1
T04707,P2445,2026-04-24,下午,A1,case,0,20.01,8.03,0,1,minute,1
T04708,P1868,2026-04-24,下午,A2,case,1,-1,28.9,0,1,minute,1
T04709,P0138,2026-04-24,上午,A1,case,0,26.42,20.52,0,1,minute,1
T04710,P0965,2026-04-24,上午,A2,case,0,20.6,14.4,0,1,minute,1
T04711,P2538,2026-04-24,上午,A1,basic,0,9.11,6.96,0,1,minute,1
T04712,P0948,2026-04-24,上午,A2,basic,0,12.43,2.49,0,1,minute,1
T04713,P0166,2026-04-24,上午,A1,case,0,58.13,,1,0,minute,1
T04714,P0495,2026-04-24,上午,A2,case,0,26.44,34.86,0,1,minute,1
T04715,P2207,2026-04-24,上午,A1,case,0,15.67,10.8,0,1,minute,1
T04716,P1550,2026-04-24,上午,A2,case,0,10.88,28.16,0,1,minute,1
T04717,P2562,2026-04-24,上午,A1,basic,0,7.68,3.05,0,1,minute,1
T04717,P2562,2026-04-24,上午,A1,basic,0,7.68,3.05,0,1,minute,1
T04718,P1904,2026-04-24,上午,A2,case,0,4.46,7.15,0,1,minute,1
T04719,P2211,2026-04-24,上午,A1,case,0,13.55,22.63,0,1,minute,1
T04720,P0800,2026-04-24,下午,A2,case,0,21.39,54.15,0,1,minute,1
T04721,P2574,2026-04-24,上午,B1,basic,1,11.28,4.73,0,1,minute,1
T04722,P1379,2026-04-24,下午,B2,basic,1,83.86,3.7,0,1,minute,1
T04723,P1473,2026-04-24,上午,B1,case,0,17.07,8.97,0,1,minute,1
T04724,P0269,2026-04-24,上午,B2,case,1,22.09,11.08,0,0,minute,1
T04725,P1108,2026-04-24,上午,B1,basic,0,7.73,8.53,0,1,minute,1
T04726,P1469,2026-04-24,下午,B2,basic,1,8.07,14.57,0,1,minute,1
T04727,P1818,2026-04-24,上午,B1,basic,0,15.33,11.41,0,1,minute,1
T04728,P2317,2026-04-24,上午,B2,case,0,36.54,43.98,0,1,minute,1
T04729,P0096,2026-04-24,上午,B1,basic,1,15.02,7.53,0,1,minute,1
T04730,P2661,2026-04-24,上午,B2,basic,0,18.12,5.15,0,1,minute,1
T04731,P0432,2026-04-24,下午,B1,case,0,11.52,8.46,0,1,minute,1
T04732,P2202,2026-04-24,上午,B2,basic,1,619.2,3.24,0,1,second,1
T04732,P2202,2026-04-24,上午,B2,basic,1,557.28,3.24,0,1,second,2
T04733,P1502,2026-04-24,下午,B1,basic,1,5.81,1.89,0,1,minute,1
T04734,P0644,2026-04-24,下午,B2,case,0,17.53,15.66,0,1,minute,1
T04735,P1651,2026-04-24,上午,B1,basic,0,23.79,8.92,0,1,minute,1
T04736,P1754,2026-04-24,上午,B2,basic,0,999,3.78,0,0,minute,1
T04737,P0719,2026-04-24,下午,B1,basic,0,5.07,8.1,0,1,minute,1
T04738,P0386,2026-04-24,上午,B2,basic,1,13.32,6.84,0,1,minute,1
T04739,P0761,2026-04-24,下午,B1,basic,1,6.3,16.47,0,1,minute,1
T04740,P2330,2026-04-24,上午,B2,basic,1,2.02,10.9,0,1,minute,1
T04741,P1454,2026-04-24,上午,B1,basic,0,7.66,15.14,0,1,minute,1
T04742,P0257,2026-04-24,上午,B2,case,1,18.08,7.63,0,1,minute,1
T04743,P2635,2026-04-24,上午,B1,basic,1,22.99,4.4,0,1,minute,1
T04744,P1936,2026-04-24,下午,B2,basic,1,3.69,8.44,0,1,minute,1
T04745,P2420,2026-04-24,上午,B1,case,0,26.5,,1,0,minute,1
T04746,P1840,2026-04-24,上午,B2,basic,1,8.24,7.08,0,1,minute,1
T04747,P1203,2026-04-24,上午,B1,basic,0,12.19,22.25,0,1,minute,1
T04748,P1118,2026-04-24,上午,B2,basic,0,7.85,12.29,0,0,minute,1
T04748,P1118,2026-04-24,上午,B2,basic,0,7.85,12.29,0,0,minute,1
T04749,P1853,2026-04-24,上午,B1,basic,0,74.5,7.61,0,0,minute,1
T04750,P2428,2026-04-24,下午,B2,basic,1,14.26,5.89,0,1,minute,1
T04751,P0581,2026-04-24,上午,B1,basic,1,8.77,6.38,0,1,minute,1
T04752,P2212,2026-04-24,上午,B2,case,0,22.29,18.42,0,0,minute,1
T04753,P2354,2026-04-24,下午,B1,case,1,10.38,20.95,0,1,minute,1
T04754,P0574,2026-04-24,下午,B2,basic,1,3.59,2.38,0,1,minute,1
T04755,P0364,2026-04-24,上午,B1,basic,0,23.7,9.47,0,1,minute,1
T04756,P1764,2026-04-24,上午,B2,basic,0,7.14,7.77,0,1,minute,1
T04757,P2167,2026-04-24,下午,B1,basic,0,8.07,4.88,0,1,minute,1
T04758,P1463,2026-04-24,下午,B2,basic,1,8.02,13.21,0,1,minute,1
T04759,P2152,2026-04-24,下午,B1,basic,1,6.67,9.98,0,1,minute,1
T04760,P2654,2026-04-24,上午,B2,basic,0,8.26,12.15,0,1,minute,1
T04761,P0311,2026-04-24,上午,C1,basic,0,242.4,6.13,0,1,second,1
T04762,P2025,2026-04-24,上午,C2,case,0,27.91,16.36,0,1,minute,1
T04763,P0656,2026-04-24,上午,C1,basic,1,2.86,0.84,0,1,minute,1
T04764,P1165,2026-04-24,上午,C2,basic,1,6.76,7.64,0,1,minute,1
T04765,P2366,2026-04-24,上午,C1,case,0,14.43,25.3,0,0,minute,1
T04766,P2579,2026-04-24,上午,C2,case,0,8.28,19.0,0,0,minute,1
T04767,P0611,2026-04-24,上午,C1,case,0,18.67,19.08,0,0,minute,1
T04768,P0337,2026-04-24,下午,C2,case,1,17.69,12.44,0,1,minute,1
T04769,P1301,2026-04-24,上午,C1,basic,1,3.88,7.46,0,1,minute,1
T04770,P2275,2026-04-24,下午,C2,basic,1,2.92,3.01,0,1,minute,1
T04771,P1849,2026-04-24,下午,C1,case,0,33.8,19.79,0,0,minute,1
T04772,P2434,2026-04-24,下午,C2,case,0,22.19,23.78,0,1,minute,1
T04773,P2065,2026-04-24,下午,C1,basic,0,15.63,7.43,0,1,minute,1
T04774,P0860,2026-04-24,上午,C2,basic,1,12.5,7.38,0,1,minute,1
T04775,P1745,2026-04-24,上午,C1,case,0,36.66,,1,0,minute,1
T04776,P2303,2026-04-24,下午,C2,case,0,28.03,14.15,0,0,minute,1
T04777,P2283,2026-04-24,下午,C1,basic,0,6.56,12.44,0,1,minute,1
T04778,P0508,2026-04-24,上午,C2,case,0,38.49,7.36,0,1,minute,1
T04779,P0728,2026-04-24,上午,C1,basic,0,10.17,17.5,0,1,minute,1
T04779,P0728,2026-04-24,上午,C1,basic,0,10.17,17.5,0,1,minute,1
T04779,P0728,2026-04-24,上午,C1,basic,0,9.15,17.5,0,1,minute,2
T04780,P0051,2026-04-24,上午,C2,basic,1,4.61,5.22,0,1,minute,1
T04781,P2539,2026-04-24,上午,C1,case,0,18.16,11.92,0,1,minute,1
T04782,P1850,2026-04-24,下午,C2,case,0,6.66,7.17,0,1,minute,1
T04783,P0969,2026-04-24,上午,C1,basic,1,4.51,3.23,0,1,minute,1
T04784,P1408,2026-04-24,下午,C2,case,0,19.22,15.99,0,1,minute,1
T04785,P0144,2026-04-24,下午,UNKNOWN,case,0,17.35,30.0,0,1,minute,1
T04786,P0458,2026-04-24,上午,C2,basic,0,11.4,4.79,0,1,minute,1
T04787,P0813,2026-04-24,上午,C1,,0,23.6,6.82,0,0,minute,1
T04788,P2632,2026-04-24,下午,C2,case,0,22.61,8.62,0,1,minute,1
T04789,P0821,2026-04-24,下午,C1,case,0,32.81,,1,0,minute,1
T04790,P2600,2026-04-24,上午,C2,basic,0,538.2,3.26,0,1,second,1
T04791,P1962,2026-04-24,上午,C1,case,1,8.11,23.84,0,0,minute,1
T04792,P1493,2026-04-24,下午,C2,case,0,19.98,14.09,0,1,minute,1
T04793,P2468,2026-04-24,下午,C1,case,0,21.73,18.18,0,1,minute,1
T04794,P2167,2026-04-24,下午,C2,basic,1,79.03,13.12,0,1,minute,1
T04795,P0950,2026-04-24,下午,C1,basic,0,5.06,3.03,0,1,minute,1
T04796,P2248,2026-04-24,上午,C2,case,0,18.89,16.19,0,1,minute,1
T04797,P0358,2026-04-24,上午,C1,case,0,18.53,10.08,0,1,minute,1
T04798,P0810,2026-04-24,上午,C2,basic,0,42.37,3.57,0,1,minute,1
T04799,P1690,2026-04-24,上午,C1,basic,1,9.76,15.07,0,0,minute,1
T04800,P1008,2026-04-24,上午,C2,case,0,75.92,,1,0,minute,1
