person_id,severity,baseline_burden,access,age,support,followup_burden,contact_after,responded_after
P0000,5.35,66.26,1,20.3,1,83.15,2.32,0
P0001,4.44,55.23,1,59.9,1,58.6,2.57,1
P0002,2.25,54.78,1,35.8,0,66.85,3.31,0
P0003,4.54,52.7,1,63.8,1,59.29,2.92,1
P0004,8.74,68.23,0,45.1,1,73.37,2.29,0
P0005,5.53,63.33,1,53.1,1,67.73,3.19,1
P0006,8.26,62.44,1,59.3,1,80.36,2.94,0
P0007,3.32,52.84,1,20.3,0,66.45,1.8,0
P0008,3.45,51.04,1,24.8,0,71.3,1.77,0
P0009,3.67,53.7,1,64.7,1,55.66,2.25,0
P0010,2.74,50.31,1,52.3,0,62.83,1.96,1
P0011,1.54,28.13,1,50.8,0,31.27,1.93,1
P0012,6.42,57.12,0,51.2,1,60.66,2.05,1
P0013,7.1,58.67,1,41.3,1,70.67,3.17,0
P0014,9.38,59.58,0,31.4,1,55.77,2.33,1
P0015,5.75,46.93,1,38.4,1,65.49,3.14,1
P0016,2.2,59.72,0,46.2,0,67.3,1.31,1
P0017,9.67,64.69,1,36.2,1,75.89,3.35,0
P0018,7.48,60.04,0,21.1,0,79.81,2.11,1
P0019,4.46,64.26,0,49.0,1,65.55,2.76,1
P0020,0.94,56.85,1,64.4,0,54.4,2.11,1
P0021,7.25,76.94,1,32.2,1,83.65,3.03,0
P0022,4.31,56.48,1,20.2,1,52.5,3.23,0
P0023,4.86,53.19,0,25.3,1,62.36,2.3,1
P0024,6.1,71.74,0,26.7,1,86.33,3.68,1
P0025,5.02,57.31,0,60.0,0,57.8,1.77,0
P0026,4.71,60.37,0,37.4,0,66.95,2.18,1
P0027,7.34,57.67,1,35.6,1,55.54,2.7,1
P0028,1.74,57.85,1,50.5,0,70.61,2.64,0
P0029,5.54,41.74,1,58.4,1,45.7,2.74,1
P0030,0.4,48.36,0,24.6,0,57.31,2.37,1
P0031,5.58,56.61,0,25.5,0,76.58,1.37,0
P0032,6.23,54.42,0,60.9,1,60.73,3.2,1
P0033,5.84,60.19,1,55.5,1,78.82,2.6,0
P0034,7.64,56.58,1,57.9,1,72.34,1.95,0
P0035,0.53,37.52,1,21.0,0,43.11,2.04,1
P0036,0.16,47.12,1,29.4,0,44.52,2.64,1
P0037,9.91,71.22,1,62.9,1,90.23,3.22,0
P0038,2.98,49.74,0,65.5,0,51.38,0.45,0
P0039,2.24,48.2,0,36.1,0,49.01,2.22,0
P0040,9.31,84.02,0,35.6,1,91.05,3.03,0
P0041,1.25,56.8,1,25.7,0,51.8,2.37,1
P0042,8.8,73.64,1,47.2,1,86.29,3.07,0
P0043,6.35,55.32,0,57.1,1,72.37,2.95,0
P0044,1.56,47.38,1,36.3,0,45.98,1.19,1
P0045,0.77,45.23,0,64.9,0,53.1,1.86,0
P0046,8.92,68.15,0,50.7,1,87.42,2.76,0
P0047,8.64,65.24,0,52.1,1,87.27,3.1,0
P0048,2.24,49.26,1,29.5,0,54.93,2.91,1
P0049,2.39,41.4,0,43.9,0,51.5,2.46,1
P0050,6.48,56.29,1,34.3,1,60.84,3.11,1
P0051,2.8,31.76,0,27.4,0,39.02,2.49,1
P0052,2.66,24.35,1,64.9,0,27.38,2.43,1
P0053,4.85,49.11,0,39.2,1,57.97,2.58,1
P0054,8.05,70.9,1,53.6,1,93.58,3.0,0
P0055,2.73,41.35,1,63.3,0,48.85,1.96,1
P0056,2.1,37.99,1,56.5,1,45.13,2.72,1
P0057,2.12,40.44,1,36.4,0,54.58,2.47,1
P0058,3.69,53.13,1,47.9,1,62.7,3.22,0
P0059,6.48,63.85,1,64.7,1,75.13,3.18,0
P0060,3.89,46.74,1,59.8,0,62.25,2.25,0
P0061,8.45,55.68,0,31.4,1,74.85,2.85,1
P0062,8.55,56.42,1,65.0,1,72.77,2.3,0
P0063,1.8,46.98,1,29.3,0,61.79,1.64,0
P0064,9.58,60.96,1,54.9,1,69.02,2.72,0
P0065,9.71,66.62,1,41.0,1,95.34,2.8,0
P0066,1.44,47.53,1,47.4,1,48.43,2.76,1
P0067,0.87,42.28,1,31.5,0,56.27,2.02,0
P0068,0.81,25.51,1,39.8,0,23.05,1.81,1
P0069,0.42,26.89,1,33.1,0,28.23,2.94,1
P0070,8.08,52.97,0,50.6,1,73.83,2.88,1
P0071,7.7,53.16,1,62.8,1,60.03,3.47,1
P0072,5.26,70.11,0,56.2,1,79.95,3.85,0
P0073,5.05,60.78,1,56.5,0,72.12,2.62,0
P0074,4.22,59.41,1,44.3,0,73.1,2.09,0
P0075,3.53,60.34,1,58.2,1,42.19,3.18,1
P0076,4.81,66.8,1,61.6,0,81.87,2.5,0
P0077,3.68,49.32,0,63.8,0,51.65,2.19,1
P0078,0.0,40.89,1,65.5,0,28.25,2.21,1
P0079,6.8,59.95,1,41.4,1,71.35,2.96,0
P0080,4.99,58.33,1,59.3,1,66.61,2.26,0
P0081,2.45,41.5,1,38.8,1,38.96,2.47,1
P0082,7.5,43.23,1,55.9,1,59.1,3.21,1
P0083,6.46,70.79,0,46.5,0,85.93,2.06,0
P0084,1.63,51.06,0,34.4,0,62.77,1.66,0
P0085,7.39,62.34,1,65.2,1,77.05,2.94,0
P0086,1.65,44.68,1,54.6,1,57.42,1.67,0
P0087,6.93,77.1,1,65.5,1,84.77,2.77,1
P0088,5.91,49.14,1,63.2,0,59.57,2.05,0
P0089,1.02,46.2,1,37.8,0,65.53,1.65,0
P0090,0.73,46.36,0,41.8,0,41.35,2.09,1
P0091,9.99,80.93,1,68.9,1,93.09,2.89,0
P0092,7.85,48.13,1,34.7,1,60.05,2.95,0
P0093,4.67,49.43,0,32.8,0,66.9,2.0,1
P0094,9.83,80.53,0,66.8,1,97.5,2.45,0
P0095,2.43,57.94,0,42.7,0,64.14,2.01,1
P0096,2.68,48.4,0,56.0,0,52.55,2.14,1
P0097,2.02,47.62,1,37.9,0,54.66,2.53,1
P0098,3.1,52.79,0,27.9,1,52.01,2.84,1
P0099,9.85,75.1,1,47.0,1,81.26,2.72,0
P0100,3.74,33.69,1,47.4,1,31.25,3.75,1
P0101,9.69,55.94,1,31.2,1,78.46,2.86,0
P0102,3.51,63.35,0,65.9,0,72.62,2.49,0
P0103,6.2,66.74,0,64.9,1,70.57,3.37,0
P0104,2.77,49.99,1,22.9,0,55.81,1.56,0
P0105,6.01,68.02,1,41.1,0,80.07,1.93,0
P0106,3.04,54.24,0,56.5,0,62.76,2.04,0
P0107,2.52,47.39,0,68.9,0,49.64,1.07,0
P0108,9.77,70.56,0,56.6,1,88.16,2.74,0
P0109,2.0,61.81,0,23.5,0,62.82,1.32,0
P0110,4.22,55.4,0,54.9,1,60.12,3.06,1
P0111,6.84,42.89,1,48.3,1,36.21,2.22,1
P0112,6.12,64.62,1,62.7,1,72.76,2.48,0
P0113,8.07,71.21,1,30.5,1,78.85,2.32,0
P0114,7.42,68.27,0,49.1,1,80.25,3.19,0
P0115,0.51,43.8,1,20.5,0,38.89,2.05,1
P0116,2.31,48.02,1,61.8,1,50.0,2.37,1
P0117,0.72,51.09,0,27.2,0,59.98,1.98,1
P0118,2.34,51.97,0,28.3,0,42.79,1.87,1
P0119,1.6,39.2,0,36.0,0,40.28,2.17,1
P0120,0.14,51.84,1,46.9,1,51.33,3.3,0
P0121,2.02,48.51,1,69.1,0,48.18,1.36,1
P0122,9.49,69.63,1,56.0,1,93.47,2.67,0
P0123,8.2,61.34,1,20.4,1,72.02,2.91,0
P0124,0.06,45.68,0,47.3,0,33.04,1.78,1
P0125,9.7,64.34,1,42.0,1,81.7,2.25,0
P0126,2.01,40.97,0,59.2,0,31.94,1.4,1
P0127,5.83,43.84,1,27.3,1,41.45,2.96,1
P0128,0.97,42.07,0,68.4,1,47.73,2.78,0
P0129,1.13,30.47,0,31.5,0,24.88,1.92,1
P0130,9.0,63.68,1,55.5,1,88.29,2.64,0
P0131,0.54,38.4,0,26.6,0,35.61,2.37,1
P0132,0.22,37.16,0,51.2,0,47.39,2.62,1
P0133,0.56,46.34,0,48.4,0,49.81,1.66,1
P0134,5.92,73.38,1,21.9,1,71.15,1.91,0
P0135,7.56,53.25,1,61.5,1,62.38,2.57,1
P0136,4.89,73.01,1,42.5,0,91.56,1.84,0
P0137,7.31,71.84,1,41.4,1,76.79,1.85,0
P0138,0.8,39.31,0,51.1,0,44.76,0.65,1
P0139,2.01,50.75,1,69.1,0,56.43,1.66,0
P0140,8.13,60.99,1,61.8,1,78.54,2.66,0
P0141,9.96,76.01,0,67.3,1,88.7,3.19,0
P0142,7.0,68.53,0,55.0,1,88.96,3.01,0
P0143,3.62,59.63,1,41.3,1,48.78,3.57,0
P0144,4.55,62.56,1,55.8,1,64.06,3.05,0
P0145,1.47,54.32,0,56.2,0,52.34,2.03,0
P0146,5.15,47.5,1,22.3,1,54.85,2.33,0
P0147,1.94,47.71,1,30.2,0,66.24,1.95,1
P0148,1.29,53.67,0,37.4,1,36.0,2.79,1
P0149,3.15,41.25,1,33.2,0,42.29,1.4,1
P0150,7.38,48.59,0,69.3,1,55.67,2.23,1
P0151,6.28,65.1,1,32.2,1,67.09,3.28,1
P0152,8.4,57.33,1,35.8,1,59.18,3.54,1
P0153,8.5,61.66,1,20.7,1,69.6,2.62,0
P0154,7.31,50.61,1,41.8,1,50.33,3.36,1
P0155,6.74,69.2,1,21.4,1,80.66,2.89,0
P0156,8.32,57.66,0,60.4,1,78.02,3.54,0
P0157,4.15,61.3,0,58.7,0,63.49,2.28,0
P0158,3.88,59.12,1,27.8,0,72.2,1.33,0
P0159,2.52,52.92,1,37.7,0,66.42,1.55,0
P0160,6.09,61.49,0,26.2,1,61.2,2.99,1
P0161,2.93,68.57,1,55.6,0,63.74,2.32,0
P0162,1.51,53.47,0,51.0,0,50.2,1.98,1
P0163,7.82,65.65,1,24.4,1,83.45,2.76,0
P0164,2.08,38.2,1,51.3,0,51.11,1.94,1
P0165,6.0,66.67,1,52.0,0,83.01,1.84,0
P0166,4.95,54.05,0,69.2,0,69.28,1.8,0
P0167,2.72,58.64,0,66.8,0,65.26,1.52,1
P0168,7.3,56.28,1,21.6,1,71.09,3.32,0
P0169,2.08,31.05,0,37.4,1,31.99,2.76,1
P0170,5.04,54.14,0,37.8,1,58.42,3.09,1
P0171,1.77,54.95,0,38.3,0,58.48,2.18,1
P0172,7.58,69.13,0,41.0,1,79.99,2.96,1
P0173,2.36,45.59,1,60.3,0,50.81,1.6,1
P0174,7.9,58.82,0,23.8,1,68.53,2.77,1
P0175,1.33,47.98,0,57.5,0,58.85,2.29,1
P0176,4.02,52.08,1,45.4,1,53.68,3.33,1
P0177,3.79,40.66,1,34.1,1,48.48,3.21,1
P0178,5.46,69.25,1,46.0,1,78.44,2.97,0
P0179,2.61,42.84,1,52.7,0,53.89,2.91,1
P0180,3.64,56.0,0,66.6,0,65.13,2.43,0
P0181,6.55,57.31,0,43.6,1,62.01,2.0,0
P0182,1.68,45.98,0,26.0,0,50.38,1.79,1
P0183,8.39,71.74,1,20.2,1,95.88,1.86,0
P0184,2.92,61.26,1,57.1,0,72.57,1.72,0
P0185,2.37,38.27,1,39.6,1,51.48,2.22,1
P0186,3.99,48.69,1,32.3,1,33.81,1.84,1
P0187,3.22,45.01,0,50.6,1,51.64,3.36,1
P0188,0.8,46.4,0,45.4,0,46.3,2.45,1
P0189,7.98,71.13,1,41.1,1,81.58,2.55,0
P0190,6.59,71.45,1,43.8,1,85.63,3.24,0
P0191,8.15,71.23,1,43.4,1,83.8,3.08,0
P0192,0.25,52.71,1,32.9,1,27.07,3.55,1
P0193,7.78,72.93,0,31.7,1,75.67,2.65,0
P0194,7.73,70.02,1,20.5,1,80.77,2.66,0
P0195,5.51,49.83,0,26.7,1,44.91,3.22,1
P0196,5.09,50.31,0,66.3,1,64.65,3.16,0
P0197,2.16,57.07,0,20.2,0,62.85,2.66,0
P0198,7.79,66.54,0,61.0,1,72.35,3.44,0
P0199,0.97,53.19,1,69.6,0,55.95,2.97,1
P0200,0.87,57.04,0,24.8,0,55.94,2.23,1
P0201,3.2,48.22,1,53.0,1,46.25,3.29,1
P0202,9.51,74.88,0,38.9,1,84.1,2.87,0
P0203,2.38,47.55,1,30.4,1,60.88,2.81,0
P0204,5.46,67.83,1,20.3,1,76.72,2.63,1
P0205,8.18,70.45,0,52.5,1,83.19,2.86,0
P0206,4.67,70.19,0,28.4,0,88.51,1.4,0
P0207,2.9,44.03,1,47.7,1,46.35,3.15,1
P0208,2.52,41.54,0,45.8,1,46.73,2.66,1
P0209,4.74,58.1,0,63.2,0,66.02,1.36,0
P0210,4.07,40.7,1,28.3,0,57.54,1.67,0
P0211,8.65,60.61,1,49.4,1,83.7,2.82,0
P0212,3.58,44.19,0,65.9,0,36.63,2.28,1
P0213,6.2,55.71,1,65.1,1,68.28,3.16,0
P0214,7.11,63.17,1,44.7,1,69.54,3.34,1
P0215,8.95,64.14,1,48.1,1,78.15,3.0,0
P0216,8.93,64.04,0,43.4,1,74.66,2.86,0
P0217,3.28,46.2,1,61.0,0,45.07,2.62,1
P0218,4.25,43.34,1,54.7,1,52.04,2.2,1
P0219,6.48,51.0,1,34.6,1,60.9,3.67,1
P0220,4.3,49.21,1,36.9,1,52.42,2.86,1
P0221,8.09,59.1,1,63.6,1,75.21,1.0,0
P0222,0.92,49.49,1,56.3,0,53.32,2.0,1
P0223,8.37,69.46,0,58.8,1,69.97,2.8,1
P0224,6.11,73.16,1,61.8,1,77.28,1.99,0
P0225,2.54,59.52,0,48.9,0,61.81,1.94,0
P0226,5.9,47.38,1,55.0,1,49.98,2.65,1
P0227,0.31,42.16,0,32.8,0,25.42,2.25,1
P0228,6.6,71.87,1,39.1,1,91.67,2.0,1
P0229,3.44,60.77,0,39.5,1,52.27,2.95,1
P0230,1.06,53.11,0,23.3,0,57.49,1.34,1
P0231,6.3,64.1,1,58.9,1,75.45,2.72,0
P0232,6.24,60.71,0,58.9,0,76.56,1.71,0
P0233,7.53,71.89,0,59.5,1,69.85,2.58,0
P0234,4.6,59.93,1,36.1,1,65.5,2.78,1
P0235,3.07,45.38,1,20.3,0,56.63,2.5,0
P0236,4.0,54.59,1,53.2,0,68.94,1.61,1
P0237,9.74,77.43,1,62.4,1,92.6,3.18,0
P0238,6.8,61.14,1,66.1,1,68.5,2.83,0
P0239,3.91,58.38,0,55.7,0,56.23,2.52,1
P0240,0.15,47.38,0,30.9,0,50.61,1.94,1
P0241,3.53,49.84,0,56.3,0,54.07,1.88,1
P0242,0.34,46.7,1,64.2,0,32.21,2.16,1
P0243,5.83,47.46,1,24.7,1,63.92,2.54,1
P0244,5.26,76.33,1,61.3,1,89.06,4.23,0
P0245,4.81,50.96,0,68.1,0,59.41,2.01,1
P0246,3.18,43.39,0,47.1,0,46.78,2.41,1
P0247,4.12,56.46,1,62.3,1,65.18,3.31,1
P0248,4.52,59.75,1,26.9,1,67.0,2.69,0
P0249,8.79,61.16,1,63.0,1,64.43,2.71,1
P0250,6.22,61.28,1,22.8,1,85.93,2.63,0
P0251,1.82,40.59,1,69.9,0,38.31,2.47,1
P0252,3.62,50.97,0,68.5,0,56.6,1.97,1
P0253,2.23,45.39,0,55.9,0,54.64,2.05,1
P0254,2.2,51.78,0,62.9,0,42.01,1.99,1
P0255,3.03,43.94,0,47.7,0,48.88,2.02,0
P0256,6.3,57.49,1,27.0,1,66.45,2.4,0
P0257,1.92,47.86,0,57.1,1,36.98,2.54,1
P0258,8.13,66.65,1,48.4,1,85.87,3.0,0
P0259,1.77,44.67,1,43.5,0,45.53,1.67,1
P0260,4.65,65.92,0,63.0,0,79.22,1.79,0
P0261,7.98,64.31,0,34.7,1,84.83,3.06,0
P0262,2.91,48.54,1,54.1,0,67.09,2.39,1
P0263,7.81,71.79,0,48.4,1,84.16,3.43,0
P0264,3.74,54.56,1,39.3,0,67.51,1.55,1
P0265,2.86,46.74,1,69.2,1,54.36,2.22,1
P0266,7.43,57.04,1,35.3,1,62.11,2.46,1
P0267,9.72,73.03,1,27.9,1,89.05,2.82,0
P0268,6.22,51.73,1,50.0,1,52.47,2.35,1
P0269,0.6,47.33,0,59.0,0,45.35,2.38,0
P0270,0.53,30.85,1,30.5,1,33.35,2.7,1
P0271,8.83,67.36,0,49.5,1,74.68,3.1,0
P0272,9.85,69.49,1,54.2,1,90.03,3.04,0
P0273,4.77,52.25,1,67.5,1,48.38,3.08,1
P0274,6.79,53.66,1,56.2,0,70.95,1.89,1
P0275,1.17,38.02,1,43.8,0,38.2,1.84,1
P0276,9.58,75.59,0,24.1,1,96.99,2.81,0
P0277,8.72,66.0,1,37.3,1,76.7,3.71,0
P0278,3.38,41.1,0,57.8,1,47.12,2.69,1
P0279,6.06,55.3,0,43.8,1,65.85,2.85,1
P0280,8.17,58.15,1,28.9,1,76.14,2.9,1
P0281,3.82,40.84,0,36.6,1,32.74,2.44,1
P0282,5.84,62.52,1,45.4,1,67.63,2.28,0
P0283,6.74,50.98,0,34.5,1,65.44,2.53,1
P0284,7.76,60.76,1,34.9,1,72.99,3.32,0
P0285,0.87,46.68,1,43.7,0,47.94,2.03,1
P0286,1.74,40.54,0,34.2,1,36.34,2.6,1
P0287,9.32,72.63,0,67.0,1,90.63,2.87,0
P0288,1.08,49.81,1,56.0,0,45.14,2.15,1
P0289,7.83,53.26,0,33.7,1,66.98,1.94,1
P0290,7.39,52.21,0,21.2,1,69.41,3.44,0
P0291,0.56,43.9,1,62.8,0,42.87,1.83,1
P0292,0.16,48.94,1,69.3,0,56.91,1.51,1
P0293,2.55,46.6,1,26.9,0,47.68,1.76,1
P0294,7.74,59.06,1,21.7,1,68.8,2.96,0
P0295,4.12,50.53,1,61.7,0,62.28,1.63,0
P0296,0.72,46.07,0,64.7,0,27.83,2.26,1
P0297,1.58,36.39,0,66.1,0,30.39,2.02,1
P0298,5.99,55.89,0,34.8,1,61.56,3.12,1
P0299,8.13,70.02,1,68.1,1,91.44,2.27,0
P0300,4.42,35.02,0,67.8,0,49.45,2.09,1
P0301,7.14,64.48,1,61.0,1,61.59,3.49,0
P0302,2.08,44.14,0,63.1,0,52.3,2.15,1
P0303,0.3,33.39,0,30.9,0,49.87,1.59,0
P0304,4.35,44.69,0,62.4,0,58.91,2.79,1
P0305,9.74,69.75,1,65.9,1,71.6,2.88,0
P0306,9.15,73.49,1,32.1,1,95.68,3.06,0
P0307,9.6,70.46,0,41.2,1,83.69,3.16,0
P0308,6.89,45.73,1,65.6,1,49.04,3.75,1
P0309,1.51,52.29,1,52.7,1,53.69,2.92,1
P0310,3.82,44.39,1,40.3,0,54.4,3.25,0
P0311,8.55,60.24,0,40.2,1,63.54,2.62,1
P0312,0.46,32.52,0,61.7,0,26.41,3.1,1
P0313,5.87,52.13,1,50.4,1,61.16,2.7,1
P0314,3.45,47.1,1,55.0,0,47.53,1.87,1
P0315,8.96,78.03,1,24.8,1,85.61,2.94,0
P0316,1.52,43.86,1,38.8,1,42.1,1.99,1
P0317,8.26,72.5,1,45.6,1,95.63,2.83,0
P0318,0.03,45.8,1,34.6,0,42.76,2.76,1
P0319,9.39,68.48,1,54.1,1,77.84,2.79,0
P0320,1.03,39.55,0,62.5,0,47.94,2.22,0
P0321,1.24,53.1,1,41.9,1,61.88,2.98,0
P0322,0.7,31.2,1,42.1,0,21.84,1.27,1
P0323,6.21,61.53,0,37.1,0,83.96,1.66,0
P0324,0.7,47.32,1,57.4,1,51.76,1.68,1
P0325,6.13,61.61,1,45.4,1,70.27,3.4,1
P0326,8.34,66.06,0,44.1,1,87.75,2.43,0
P0327,1.87,48.41,0,29.1,0,51.79,1.39,1
P0328,4.95,54.86,1,37.6,1,50.82,2.1,0
P0329,5.42,54.89,1,24.0,0,67.5,2.43,1
P0330,8.48,63.01,0,21.8,1,67.78,2.6,0
P0331,0.74,31.79,0,49.8,0,37.71,1.49,1
P0332,7.23,59.54,1,52.7,1,65.45,2.67,1
P0333,5.98,45.17,1,39.9,1,55.35,2.98,1
P0334,1.98,50.88,1,24.2,0,55.68,2.36,1
P0335,8.1,79.23,0,23.1,0,92.48,2.53,0
P0336,2.2,37.54,1,30.4,0,39.72,2.29,1
P0337,5.76,53.58,1,54.2,1,62.0,3.43,0
P0338,2.79,53.33,1,26.7,1,52.34,3.13,1
P0339,7.27,63.2,1,22.0,1,65.85,3.08,0
P0340,2.15,49.48,1,60.2,1,52.39,3.06,1
P0341,3.81,43.08,1,39.0,1,46.35,3.08,1
P0342,3.4,45.67,1,58.2,0,48.75,2.22,1
P0343,6.48,61.77,0,58.7,1,69.6,3.02,0
P0344,0.54,40.92,0,30.0,0,50.95,2.11,0
P0345,2.35,37.46,1,22.1,1,35.5,2.29,1
P0346,4.5,48.89,1,59.5,1,49.89,2.3,1
P0347,5.51,54.8,1,35.1,1,56.52,3.11,1
P0348,3.47,46.63,0,43.9,0,51.28,2.7,1
P0349,3.76,36.5,1,61.1,1,34.93,2.34,1
P0350,8.54,58.75,1,24.3,1,75.48,3.99,0
P0351,5.5,57.88,0,65.9,1,64.23,3.53,0
P0352,1.38,43.87,1,56.6,0,48.78,1.99,1
P0353,3.41,54.34,0,24.9,0,69.16,1.24,0
P0354,7.46,62.21,0,35.3,0,75.6,1.6,0
P0355,3.95,52.51,1,60.5,1,56.78,2.69,1
P0356,4.49,55.4,1,42.1,0,64.45,1.66,1
P0357,0.15,43.97,0,48.7,0,54.76,1.64,1
P0358,2.37,57.75,1,47.9,0,58.19,2.08,1
P0359,5.5,56.1,1,26.5,0,61.24,1.75,0
P0360,6.23,58.87,0,65.4,0,61.86,2.5,1
P0361,5.13,71.37,0,46.6,1,78.09,2.13,1
P0362,1.57,48.91,1,65.4,0,58.05,1.74,1
P0363,4.94,32.62,0,48.5,0,38.73,1.71,1
P0364,4.32,49.84,1,35.5,1,69.09,2.65,1
P0365,1.37,37.53,1,30.6,1,34.9,3.05,1
P0366,4.99,43.01,0,58.1,1,48.99,1.97,1
P0367,4.62,66.05,1,47.0,1,76.52,2.43,0
P0368,4.44,60.47,0,35.6,1,72.61,3.6,0
P0369,9.91,57.76,1,69.9,1,69.91,2.5,0
P0370,4.56,52.4,1,54.7,1,45.28,2.03,1
P0371,9.7,73.05,1,49.0,1,72.88,2.94,0
P0372,0.37,42.37,1,31.1,0,54.63,1.8,1
P0373,8.29,70.25,1,21.7,0,91.42,1.65,0
P0374,9.29,68.94,1,36.6,1,90.67,2.99,0
P0375,6.18,68.03,1,45.6,1,78.19,3.58,0
P0376,8.44,66.86,1,40.8,1,82.7,3.51,0
P0377,0.15,42.77,0,32.5,1,32.66,2.58,1
P0378,8.52,53.18,0,35.2,1,65.33,3.01,1
P0379,6.56,54.6,1,27.0,1,62.05,2.57,1
P0380,2.97,52.57,1,61.6,0,63.73,2.28,1
P0381,9.08,73.98,0,31.8,1,87.12,2.66,0
P0382,2.29,34.88,1,61.1,0,37.5,1.59,1
P0383,2.68,64.17,0,68.9,1,59.89,3.49,0
P0384,1.82,46.11,0,39.0,0,43.36,1.59,1
P0385,1.58,53.87,0,32.9,0,60.63,1.29,0
P0386,9.22,72.09,0,43.1,1,86.47,3.25,0
P0387,8.09,54.4,1,36.0,1,65.66,2.5,1
P0388,0.88,53.79,0,27.4,0,40.88,2.1,1
P0389,0.53,39.2,0,43.2,0,34.51,2.33,1
P0390,4.1,53.6,0,24.5,0,58.79,2.32,0
P0391,0.21,34.35,0,23.3,0,25.0,1.88,1
P0392,3.73,64.68,0,54.2,0,74.22,1.62,0
P0393,3.82,44.17,1,47.8,0,45.93,2.15,1
P0394,3.23,40.07,1,37.6,0,53.23,1.92,0
P0395,6.28,45.37,1,66.4,1,55.46,1.69,1
P0396,5.89,62.66,1,32.5,0,70.33,1.76,0
P0397,0.98,39.39,1,35.0,0,40.63,1.78,1
P0398,5.23,51.61,0,38.6,0,59.77,1.38,1
P0399,0.24,39.62,0,41.6,0,47.28,1.94,1
P0400,9.56,45.46,1,51.9,1,50.02,2.72,0
P0401,2.23,47.29,0,56.4,0,48.73,2.25,1
P0402,7.58,67.08,1,52.3,1,89.71,2.85,1
P0403,5.23,55.29,1,44.9,1,48.86,2.8,1
P0404,5.57,57.92,1,28.9,1,64.29,2.85,1
P0405,9.75,67.31,1,20.5,1,85.57,3.18,0
P0406,7.42,66.07,1,24.2,1,79.87,3.02,0
P0407,9.78,77.46,0,39.1,1,97.93,3.31,0
P0408,6.8,66.78,0,65.3,1,79.59,3.25,1
P0409,1.62,43.02,0,49.5,0,54.92,2.17,1
P0410,7.25,61.78,1,35.0,1,83.06,2.26,0
P0411,0.25,37.31,1,21.0,0,34.04,2.06,1
P0412,6.82,45.38,0,22.1,1,60.64,2.68,0
P0413,3.51,62.81,1,27.1,1,67.15,2.45,1
P0414,6.37,61.04,1,64.0,1,67.94,2.62,0
P0415,0.82,56.33,1,24.3,0,54.87,1.52,1
P0416,8.44,59.13,1,62.0,1,65.02,2.91,1
P0417,8.78,43.27,1,20.5,1,37.09,3.45,1
P0418,9.24,90.03,1,60.5,1,113.06,2.88,0
P0419,8.13,77.88,1,60.0,1,102.34,3.03,0
P0420,9.71,66.55,1,33.7,1,87.77,2.74,0
P0421,9.86,66.17,0,48.4,1,77.91,3.07,0
P0422,0.7,32.25,1,22.0,0,31.65,0.92,1
P0423,5.23,50.8,1,31.5,1,39.18,2.95,1
P0424,9.8,56.81,1,46.7,1,79.32,3.35,0
P0425,9.73,38.29,1,67.9,1,50.56,1.99,1
P0426,1.68,45.21,1,69.1,1,46.48,2.39,1
P0427,2.64,37.54,0,61.7,1,40.77,4.04,1
P0428,7.42,62.55,0,21.8,0,86.0,0.81,0
P0429,8.44,60.72,0,49.0,1,80.22,2.9,0
P0430,0.55,44.86,0,61.1,0,49.02,2.62,1
P0431,7.03,68.02,1,58.1,1,71.84,2.82,1
P0432,0.41,41.28,1,57.0,0,39.9,2.15,1
P0433,2.33,49.94,0,47.7,0,62.21,1.78,0
P0434,6.98,52.33,0,53.6,1,60.75,2.94,1
P0435,4.51,46.67,1,47.6,1,48.2,2.68,1
P0436,2.89,45.14,1,31.8,1,43.8,3.21,1
P0437,0.98,36.96,1,53.5,0,28.98,2.52,1
P0438,2.78,62.66,1,63.7,1,59.03,2.9,0
P0439,8.74,65.76,1,34.4,1,83.96,3.75,0
P0440,6.89,63.99,1,43.8,1,58.75,3.17,1
P0441,3.2,52.09,0,29.6,0,51.19,1.23,1
P0442,4.52,63.71,0,47.0,0,77.59,1.96,0
P0443,7.78,69.99,1,49.6,1,85.28,2.6,0
P0444,5.39,59.02,0,39.5,0,66.82,2.69,0
P0445,0.65,20.96,0,38.1,0,21.06,2.31,1
P0446,1.92,46.37,0,51.7,1,44.61,2.52,1
P0447,6.11,60.27,1,36.4,1,69.07,2.79,0
P0448,7.67,68.47,0,27.8,1,87.25,3.22,0
P0449,3.27,41.56,1,33.4,0,46.71,1.59,1
P0450,6.08,62.91,0,49.2,1,69.58,2.55,1
P0451,2.3,44.04,0,35.5,1,65.45,2.71,1
P0452,3.35,43.34,1,24.3,1,51.47,3.15,1
P0453,7.7,65.34,0,39.6,1,54.27,2.68,1
P0454,3.33,37.9,0,38.0,0,53.58,1.04,0
P0455,8.1,67.73,1,32.8,1,92.05,2.59,0
P0456,2.94,46.26,0,45.1,0,47.63,2.53,1
P0457,6.86,52.74,0,65.1,1,62.66,3.15,1
P0458,2.22,43.82,1,20.9,0,61.7,2.51,0
P0459,1.43,52.54,1,30.7,0,55.99,2.06,0
P0460,8.6,61.7,1,54.3,1,82.37,2.06,0
P0461,3.93,47.59,1,54.6,1,46.16,2.35,1
P0462,2.34,54.1,1,48.7,0,47.84,2.18,1
P0463,3.2,56.49,0,40.1,0,65.12,2.44,0
P0464,8.96,65.26,1,32.8,1,73.01,2.5,0
P0465,4.29,55.95,1,33.9,0,69.78,1.84,0
P0466,5.53,48.58,0,30.9,1,59.6,2.28,1
P0467,0.36,45.75,0,46.5,0,61.87,2.91,0
P0468,3.66,39.5,1,56.4,1,37.78,2.96,1
P0469,9.83,75.69,1,64.6,1,81.87,3.28,0
P0470,2.64,50.3,0,35.8,1,50.58,2.56,1
P0471,4.01,47.84,1,25.9,1,53.18,2.96,1
P0472,1.09,37.92,1,28.1,1,23.19,2.95,1
P0473,1.51,43.33,0,36.7,0,41.39,1.71,1
P0474,5.04,70.62,1,68.7,1,70.23,3.18,0
P0475,2.64,56.03,0,51.7,0,56.57,1.98,0
P0476,2.75,47.66,1,50.6,0,59.45,1.61,1
P0477,2.19,44.02,0,28.8,0,42.34,0.52,1
P0478,9.68,76.49,1,63.8,1,101.9,2.76,0
P0479,8.25,57.36,1,68.1,1,72.72,2.57,0
P0480,0.34,41.54,1,53.8,0,55.33,1.88,1
P0481,2.29,47.73,0,70.0,0,51.58,1.2,1
P0482,9.26,60.21,0,32.8,1,69.96,2.87,0
P0483,9.98,65.89,1,56.4,1,75.5,3.92,0
P0484,6.19,60.73,0,25.4,1,67.7,2.98,0
P0485,0.12,36.66,1,22.6,0,30.52,1.95,1
P0486,3.4,44.55,1,44.7,0,60.52,1.57,0
P0487,4.44,42.9,1,60.6,0,51.68,2.4,1
P0488,3.12,50.27,1,48.7,0,63.1,1.8,1
P0489,1.51,30.53,1,45.3,0,28.36,2.3,1
P0490,9.31,49.67,0,65.7,1,71.12,2.3,1
P0491,5.97,61.41,1,40.5,1,57.55,3.61,0
P0492,3.69,41.07,0,42.2,1,44.21,2.85,1
P0493,5.1,65.26,1,67.6,1,67.12,2.61,0
P0494,9.27,69.1,0,22.6,1,82.58,3.05,0
P0495,6.37,63.6,0,41.6,1,63.33,3.26,1
P0496,8.2,64.0,0,37.8,1,72.55,2.95,0
P0497,4.11,55.28,0,60.8,1,49.75,2.52,1
P0498,8.65,59.88,1,65.6,1,64.45,3.32,1
P0499,0.08,42.64,1,48.0,0,54.67,1.14,1
P0500,3.83,66.94,0,46.0,0,83.81,2.02,0
P0501,3.29,40.26,1,67.4,0,41.93,2.22,1
P0502,5.24,48.74,1,65.7,1,67.82,2.59,0
P0503,1.86,44.12,1,51.7,1,45.15,3.35,1
P0504,8.15,70.74,0,27.1,1,86.81,2.97,0
P0505,0.83,31.17,0,35.7,0,30.23,2.07,1
P0506,8.0,52.54,1,62.3,1,52.97,2.61,1
P0507,5.66,48.19,1,23.8,1,75.2,2.53,1
P0508,9.37,63.33,1,47.0,1,87.45,2.94,0
P0509,0.33,44.79,1,60.7,1,41.47,2.48,1
P0510,5.48,48.83,1,26.4,1,53.99,3.07,1
P0511,1.35,50.48,1,58.5,1,62.91,2.98,0
P0512,4.26,49.48,0,58.2,1,52.29,3.29,1
P0513,9.81,78.35,0,51.5,0,104.39,1.59,0
P0514,9.04,65.31,0,42.0,1,81.9,1.83,0
P0515,1.41,47.98,0,57.6,0,43.2,2.2,1
P0516,3.67,47.58,0,62.5,0,63.72,1.66,0
P0517,6.82,55.21,0,47.0,0,69.82,2.0,0
P0518,9.94,67.3,1,21.0,1,80.5,3.18,0
P0519,0.72,43.14,1,60.3,0,34.35,1.74,1
P0520,5.54,61.55,1,62.8,1,65.26,3.23,0
P0521,9.45,73.1,1,50.6,1,83.62,3.16,1
P0522,1.21,50.93,1,35.3,0,48.14,2.4,1
P0523,8.96,68.21,0,27.7,1,85.31,2.95,0
P0524,4.79,53.16,1,34.4,1,78.13,2.77,1
P0525,9.02,56.8,0,43.9,1,75.29,3.52,0
P0526,7.95,60.55,1,53.2,1,76.29,3.44,0
P0527,2.4,50.56,1,69.3,1,47.32,3.23,1
P0528,8.05,63.45,1,60.2,1,70.72,3.06,0
P0529,8.06,61.01,1,54.0,1,73.54,3.28,0
P0530,4.34,63.76,1,39.6,1,78.9,3.11,0
P0531,5.24,54.02,0,45.6,0,64.63,2.06,0
P0532,8.1,52.09,1,36.0,1,73.21,2.31,0
P0533,4.17,59.33,1,60.3,0,66.91,2.32,0
P0534,8.7,71.86,1,50.2,1,81.5,2.63,0
P0535,6.05,72.03,1,34.9,1,84.37,2.66,0
P0536,6.45,50.64,0,58.0,1,66.81,2.49,1
P0537,6.41,50.41,0,52.5,1,53.4,2.58,1
P0538,8.22,64.99,0,22.1,1,72.3,2.92,0
P0539,8.84,76.33,1,29.7,1,94.58,2.99,0
P0540,3.65,45.07,1,46.5,1,50.2,3.51,1
P0541,4.82,59.96,0,60.2,1,62.91,3.03,1
P0542,7.55,60.88,1,49.0,1,76.62,2.7,0
P0543,8.86,70.0,1,43.4,1,79.53,3.08,0
P0544,8.04,65.56,0,38.3,1,86.36,2.13,0
P0545,4.11,67.82,0,66.6,0,75.55,1.89,0
P0546,0.57,55.31,0,47.6,1,55.59,2.1,1
P0547,9.6,79.99,0,49.4,1,98.77,2.55,0
P0548,2.16,47.62,0,66.2,0,48.39,2.04,1
P0549,8.39,69.64,1,53.6,1,74.63,2.3,0
P0550,2.22,49.73,1,28.0,0,51.75,1.8,0
P0551,1.76,42.32,0,63.7,0,44.55,2.0,1
P0552,0.97,43.59,0,69.5,0,43.5,2.37,1
P0553,9.01,65.7,0,35.1,1,72.59,3.41,1
P0554,8.53,50.83,1,42.3,1,50.59,3.43,1
P0555,8.17,43.76,1,45.2,1,58.03,1.71,1
P0556,8.66,64.13,1,48.0,1,79.71,3.34,0
P0557,8.01,61.46,0,50.4,1,75.6,2.22,0
P0558,0.24,31.98,0,41.0,0,27.28,1.33,1
P0559,6.71,53.84,0,56.9,1,62.54,2.16,0
P0560,5.6,51.8,0,28.2,1,64.18,3.24,1
P0561,7.7,65.69,0,32.8,1,73.93,1.97,0
P0562,1.29,49.47,0,30.1,1,36.55,2.78,1
P0563,8.75,68.31,1,50.7,1,68.9,2.46,1
P0564,0.05,45.07,1,35.5,0,48.68,2.48,1
P0565,9.09,75.35,0,42.5,1,86.93,3.27,1
P0566,1.39,36.78,1,41.1,0,36.08,1.53,0
P0567,3.15,47.66,1,42.6,0,66.35,2.1,0
P0568,8.98,72.72,1,51.1,1,78.43,3.0,0
P0569,7.77,55.75,0,36.4,1,65.35,2.11,1
P0570,3.37,33.25,1,28.7,1,33.61,2.77,1
P0571,8.35,67.44,0,37.9,1,82.81,2.66,1
P0572,4.13,45.8,0,22.0,1,63.59,2.66,0
P0573,6.32,49.6,1,33.2,1,73.57,2.34,0
P0574,3.91,59.96,1,44.2,1,59.89,3.62,1
P0575,9.29,73.08,1,36.9,1,79.24,2.86,0
P0576,3.56,53.2,0,39.3,1,54.24,2.92,1
P0577,0.55,36.6,1,39.8,0,34.79,1.74,1
P0578,3.65,44.06,1,59.7,1,47.2,2.37,1
P0579,6.17,46.73,1,56.0,1,64.41,2.38,1
P0580,4.11,47.0,1,27.2,1,49.48,3.32,1
P0581,6.51,62.93,0,56.8,1,73.54,3.93,0
P0582,4.33,67.33,1,31.9,0,80.38,1.42,0
P0583,3.23,51.59,1,25.6,1,60.02,2.45,1
P0584,3.76,43.22,0,47.1,1,51.09,2.59,1
P0585,5.05,50.46,1,44.1,0,55.54,1.99,1
P0586,8.3,74.91,1,60.5,1,94.14,3.04,1
P0587,1.07,47.36,0,53.3,0,68.07,1.82,1
P0588,8.06,64.67,1,36.6,1,77.37,2.72,0
P0589,3.42,39.15,1,55.0,1,39.2,2.36,1
P0590,7.04,60.74,0,69.7,1,61.64,2.74,1
P0591,3.57,48.38,1,29.9,1,54.11,2.49,1
P0592,1.15,48.38,1,46.2,0,53.25,1.46,1
P0593,9.15,72.54,1,28.6,1,88.45,1.81,0
P0594,8.05,65.89,1,29.4,1,68.21,1.95,0
P0595,3.88,51.7,0,26.9,0,61.21,1.94,1
P0596,8.59,77.4,1,38.6,1,106.08,2.54,0
P0597,7.92,61.51,1,20.9,1,82.8,2.96,0
P0598,7.39,68.04,0,20.4,0,66.43,1.69,1
P0599,2.8,50.22,1,53.5,1,51.49,2.95,0
P0600,5.03,53.49,1,45.7,1,39.65,3.28,1
P0601,2.57,35.86,0,53.7,0,35.9,1.51,1
P0602,3.19,33.35,0,44.3,0,44.98,2.29,1
P0603,8.28,64.37,0,55.9,1,70.77,2.75,0
P0604,4.41,63.85,0,59.0,0,73.78,1.63,0
P0605,0.74,43.72,0,67.0,0,38.43,2.41,1
P0606,5.11,58.27,1,47.6,1,67.76,2.73,0
P0607,6.32,51.25,0,54.8,1,61.05,2.41,1
P0608,6.04,49.43,0,45.0,1,47.29,2.87,1
P0609,2.03,48.52,0,48.4,0,54.84,2.13,0
P0610,3.32,57.87,0,60.9,0,48.78,1.73,1
P0611,0.87,42.16,1,67.5,0,46.03,1.52,1
P0612,5.67,63.33,1,25.7,1,69.09,2.62,0
P0613,5.57,65.7,1,66.3,1,67.77,3.11,1
P0614,4.89,49.9,1,57.9,1,54.13,3.24,0
P0615,9.56,62.23,1,39.8,1,73.99,2.89,0
P0616,2.11,45.11,1,67.6,1,45.17,2.78,1
P0617,0.21,48.46,1,29.0,0,55.58,1.91,1
P0618,3.45,44.24,0,42.9,1,46.05,2.98,1
P0619,6.89,61.77,0,46.4,1,74.0,2.81,0
P0620,8.0,64.39,0,44.9,1,76.31,2.67,0
P0621,3.74,55.69,1,39.1,1,61.88,2.46,0
P0622,6.88,75.9,0,30.5,1,92.85,1.97,0
P0623,7.22,62.8,1,32.3,1,75.14,2.96,0
P0624,0.5,54.8,1,44.8,1,48.18,3.02,1
P0625,2.65,57.91,1,57.0,1,65.64,3.04,0
P0626,4.26,53.36,0,54.5,0,57.09,2.21,1
P0627,9.5,71.73,0,51.5,1,92.25,2.3,0
P0628,1.46,44.45,1,59.8,0,38.12,1.71,1
P0629,3.59,48.64,1,56.4,1,53.84,2.92,1
P0630,4.11,50.79,1,65.0,0,66.05,1.65,0
P0631,5.7,49.76,0,41.2,1,52.42,3.13,1
P0632,3.64,44.01,0,48.6,0,57.91,1.7,1
P0633,5.48,67.44,1,43.5,1,73.44,3.07,1
P0634,0.92,39.16,1,28.4,1,38.9,3.3,1
P0635,5.46,58.2,1,21.6,1,64.95,2.29,1
P0636,3.61,50.69,0,69.1,0,52.56,1.95,0
P0637,5.37,47.16,0,39.6,1,63.09,3.52,1
P0638,4.53,41.03,0,65.6,0,47.48,3.02,0
P0639,2.28,61.16,1,34.3,1,71.61,2.48,0
P0640,7.52,75.17,1,29.4,1,93.06,2.38,0
P0641,6.71,73.6,1,28.6,1,92.32,2.44,0
P0642,7.4,65.25,0,43.8,1,79.86,2.8,0
P0643,0.24,32.76,1,58.0,0,26.83,2.08,1
P0644,9.45,57.09,1,22.1,1,74.33,2.8,0
P0645,1.88,49.43,0,20.3,0,62.35,1.92,0
P0646,5.2,62.84,1,43.0,1,71.78,2.65,1
P0647,0.04,41.33,1,65.5,0,39.64,1.8,1
P0648,1.28,43.78,1,46.2,0,45.34,3.17,1
P0649,3.33,47.61,1,60.3,0,48.2,1.69,1
P0650,6.12,57.3,0,38.3,1,70.68,2.71,1
P0651,9.15,69.13,1,33.3,1,65.93,2.06,0
P0652,2.61,36.37,1,31.4,0,44.2,2.02,1
P0653,5.63,61.55,0,46.5,0,55.24,2.29,1
P0654,9.74,64.95,0,23.5,1,77.23,3.62,1
P0655,4.92,56.25,1,22.1,1,58.37,3.2,0
P0656,2.26,54.24,0,66.7,0,56.23,2.31,1
P0657,1.49,60.14,1,22.2,0,60.92,1.57,1
P0658,9.96,74.65,0,65.9,1,80.72,2.5,0
P0659,3.05,37.64,1,47.7,0,38.64,2.61,1
P0660,3.58,51.32,0,20.6,1,64.21,2.96,1
P0661,7.72,68.92,1,69.4,1,85.53,2.62,0
P0662,3.8,50.63,0,51.9,1,57.86,2.6,0
P0663,5.3,54.9,1,67.2,1,64.72,2.75,0
P0664,4.4,38.52,0,61.7,1,39.98,2.65,1
P0665,4.99,56.21,1,41.9,1,68.44,3.41,1
P0666,8.25,69.08,1,31.2,1,79.99,2.59,0
P0667,5.31,66.36,0,60.6,1,77.34,3.37,0
P0668,7.33,51.48,1,65.1,1,80.78,2.45,0
P0669,9.09,76.08,1,22.0,1,90.75,4.03,0
P0670,2.5,43.87,1,58.2,0,58.28,2.03,0
P0671,9.33,55.76,1,66.1,1,72.07,2.31,0
P0672,2.8,40.54,1,66.1,0,44.37,1.85,1
P0673,9.36,51.84,1,37.0,1,68.23,2.37,0
P0674,9.46,69.32,1,39.4,1,78.31,2.66,0
P0675,5.0,59.66,1,50.2,1,64.84,3.22,1
P0676,1.14,42.89,0,65.9,0,60.91,1.52,1
P0677,9.56,66.8,0,69.5,1,79.65,1.73,0
P0678,3.53,63.66,1,31.1,1,62.08,3.1,1
P0679,1.0,44.93,0,28.1,0,48.75,2.11,1
P0680,6.77,72.7,1,50.5,1,71.14,3.47,0
P0681,2.96,46.52,1,43.1,0,55.74,1.96,0
P0682,6.92,60.01,0,35.2,1,70.85,2.55,0
P0683,2.96,46.44,0,57.3,1,38.2,3.46,1
P0684,5.52,56.53,0,27.9,0,57.01,1.17,1
P0685,0.15,52.61,0,56.7,0,45.46,2.21,1
P0686,4.56,40.1,1,31.3,0,47.11,1.95,1
P0687,4.92,51.7,0,27.8,0,64.12,2.04,1
P0688,2.02,34.86,1,40.2,0,27.85,1.34,1
P0689,4.86,39.57,0,45.0,1,48.6,2.71,1
P0690,7.39,63.52,0,60.3,0,83.33,1.88,0
P0691,3.55,47.27,1,31.4,1,55.93,2.58,1
P0692,1.32,37.45,1,24.2,0,41.67,1.89,1
P0693,1.72,52.55,0,61.7,0,53.95,2.47,1
P0694,6.06,43.71,0,31.7,1,47.16,2.95,1
P0695,7.82,55.28,0,23.6,1,55.17,2.09,0
P0696,1.88,53.63,1,41.5,0,51.83,2.37,0
P0697,1.61,43.61,0,26.4,0,46.87,2.17,1
P0698,5.96,58.04,1,46.0,1,70.2,2.45,0
P0699,4.99,60.67,1,41.9,1,72.82,2.44,0
P0700,9.12,69.6,1,61.1,1,84.24,3.36,0
P0701,2.55,47.95,1,33.4,0,52.88,2.1,0
P0702,8.82,62.75,0,22.1,1,75.29,2.55,0
P0703,3.32,52.79,1,47.2,1,58.43,3.56,1
P0704,4.63,47.08,1,67.6,1,57.34,2.95,1
P0705,2.15,55.16,1,41.6,1,55.83,2.67,1
P0706,0.76,39.47,0,55.7,0,48.59,2.17,1
P0707,9.71,69.26,1,24.7,1,82.02,3.01,1
P0708,5.16,50.88,0,43.5,1,43.42,2.15,0
P0709,5.47,64.06,1,37.2,1,56.62,2.37,0
P0710,7.34,73.96,0,36.5,1,76.31,3.69,0
P0711,1.94,49.72,1,55.4,1,51.97,3.18,1
P0712,3.08,44.95,1,55.1,0,46.49,2.02,1
P0713,1.6,46.84,0,42.1,0,56.77,1.31,0
P0714,7.11,69.88,1,22.6,0,90.02,0.79,0
P0715,0.78,35.14,1,50.8,0,33.1,1.84,1
P0716,2.72,29.59,0,63.8,0,35.61,2.46,1
P0717,7.21,52.93,1,67.4,1,64.34,2.91,1
P0718,4.75,53.2,1,48.4,1,65.46,2.81,0
P0719,2.02,41.48,0,49.5,0,51.32,1.82,0
P0720,5.0,56.88,0,32.2,1,48.23,3.01,1
P0721,5.21,56.44,0,48.1,1,66.51,3.16,1
P0722,8.96,66.29,1,21.9,1,94.7,3.09,0
P0723,6.27,59.66,1,68.5,1,54.63,3.34,0
P0724,7.86,67.94,1,43.8,1,84.5,3.28,0
P0725,1.48,42.25,1,56.7,1,37.41,3.04,1
P0726,8.07,64.26,1,43.6,1,72.23,3.29,0
P0727,8.43,59.7,0,56.2,1,77.01,2.35,0
P0728,9.13,52.58,0,39.1,1,71.24,3.21,0
P0729,2.08,50.11,0,60.6,0,51.16,2.43,1
P0730,1.07,35.28,0,32.9,0,46.58,2.21,1
P0731,7.82,70.8,1,31.5,1,84.36,2.6,0
P0732,8.28,72.44,0,43.1,1,78.06,1.92,0
P0733,3.37,44.9,1,26.6,1,50.64,2.64,1
P0734,8.43,64.99,1,61.7,1,81.2,2.75,0
P0735,2.15,46.4,1,49.6,1,59.75,3.05,0
P0736,4.23,69.95,0,48.9,0,76.5,1.68,0
P0737,6.25,60.38,1,68.6,1,76.33,2.34,0
P0738,4.69,40.23,1,58.9,1,39.85,2.64,1
P0739,5.52,62.44,1,40.3,1,76.93,2.14,0
P0740,9.55,82.22,1,26.4,1,92.03,2.71,0
P0741,5.95,62.34,1,69.9,1,59.11,2.82,1
P0742,2.13,52.37,0,57.5,0,44.56,1.53,1
P0743,8.57,57.94,1,44.4,1,72.17,2.74,0
P0744,4.48,51.92,0,54.6,0,54.93,1.83,1
P0745,2.89,55.72,1,66.2,0,66.21,1.44,0
P0746,9.29,63.98,1,56.1,1,63.17,3.07,1
P0747,7.85,50.77,0,34.3,1,57.11,3.1,1
P0748,0.89,54.45,0,39.1,1,53.24,2.77,1
P0749,4.73,56.07,1,49.6,1,66.22,3.5,0
P0750,0.3,35.41,1,20.5,1,38.66,2.92,1
P0751,7.86,53.29,1,55.8,1,64.45,3.34,0
P0752,9.51,69.99,1,37.4,1,82.43,2.77,0
P0753,0.03,48.83,0,56.6,0,53.58,1.62,1
P0754,9.07,65.64,1,39.4,1,85.17,2.22,0
P0755,1.11,42.96,0,42.3,0,48.22,1.95,1
P0756,5.19,51.41,0,21.0,1,48.3,2.81,1
P0757,2.85,60.0,1,30.2,0,61.62,0.72,0
P0758,9.1,57.87,0,60.0,1,87.11,2.02,0
P0759,8.29,50.42,0,42.6,1,57.67,2.68,1
P0760,5.5,62.67,0,51.2,1,73.91,3.33,0
P0761,8.04,70.52,1,49.8,1,85.12,3.47,0
P0762,1.38,52.59,0,33.0,0,42.74,1.67,1
P0763,3.29,41.27,0,69.7,0,33.96,2.02,1
P0764,2.08,52.95,0,44.8,0,57.86,1.52,1
P0765,1.81,48.65,1,61.7,0,63.28,2.08,0
P0766,4.96,44.07,0,56.3,0,54.79,2.4,1
P0767,9.0,48.58,1,27.5,1,56.2,2.76,1
P0768,4.17,47.2,1,35.6,1,46.24,2.6,1
P0769,1.27,48.98,1,57.2,1,42.17,2.25,1
P0770,3.49,43.58,1,60.8,0,67.38,1.95,1
P0771,8.01,70.97,1,63.1,1,92.91,2.28,0
P0772,7.54,50.93,0,30.9,1,54.49,2.56,1
P0773,7.59,69.02,1,23.6,1,94.59,2.48,0
P0774,2.16,42.05,1,39.0,0,60.39,1.73,0
P0775,9.82,81.58,1,59.8,1,92.34,2.47,0
P0776,2.76,43.08,0,52.9,0,59.38,2.31,1
P0777,1.03,53.32,0,61.9,0,41.83,2.17,1
P0778,9.18,66.93,1,46.3,1,79.77,2.77,1
P0779,5.71,72.79,0,20.6,0,81.02,1.75,0
P0780,1.75,53.98,1,34.5,1,54.59,3.14,1
P0781,0.44,51.62,0,39.8,0,51.85,1.78,1
P0782,9.87,57.05,1,52.0,1,79.96,2.66,1
P0783,2.01,39.29,0,63.5,0,43.95,1.35,1
P0784,4.56,54.83,0,40.7,0,70.35,1.4,0
P0785,3.71,52.09,0,45.9,1,44.41,2.56,1
P0786,0.37,44.69,1,58.1,0,49.82,1.97,1
P0787,6.4,52.35,0,27.4,1,63.08,3.31,0
P0788,7.55,56.01,0,58.4,1,65.44,3.26,0
P0789,8.95,55.41,0,27.2,1,60.51,2.88,1
P0790,8.06,70.08,1,37.0,1,84.01,3.19,0
P0791,7.49,83.56,1,69.3,1,99.26,2.24,0
P0792,9.68,65.77,1,36.9,1,69.67,2.87,1
P0793,9.05,61.99,0,39.1,1,83.79,2.13,0
P0794,3.84,54.42,0,22.6,1,58.42,2.06,0
P0795,4.16,49.88,0,49.9,0,61.44,2.23,0
P0796,3.9,50.74,1,66.0,1,49.07,2.28,1
P0797,3.86,43.33,1,23.9,1,48.81,2.59,1
P0798,9.65,70.83,1,63.6,1,95.95,2.37,0
P0799,2.16,42.84,1,46.7,1,31.57,3.64,1
P0800,7.09,55.7,1,36.9,1,63.8,2.8,0
P0801,5.08,68.8,0,62.1,1,85.78,2.48,0
P0802,0.36,51.16,1,24.3,0,53.32,2.51,0
P0803,2.55,29.81,1,44.7,0,16.18,1.78,1
P0804,4.32,50.27,1,39.8,1,53.86,3.15,1
P0805,3.05,41.62,1,63.3,1,38.08,2.94,1
P0806,2.75,52.83,0,24.9,0,62.48,1.95,0
P0807,5.43,60.78,0,62.6,1,69.78,2.47,1
P0808,8.68,63.87,0,65.0,1,92.41,2.76,0
P0809,6.19,61.88,1,59.7,1,76.78,2.24,0
P0810,4.64,62.94,0,46.1,0,73.49,2.47,0
P0811,4.96,44.32,0,24.8,1,51.39,3.66,1
P0812,9.79,55.73,1,56.6,1,79.4,3.44,0
P0813,4.76,59.44,1,28.6,0,77.38,1.77,0
P0814,7.32,67.26,1,59.3,1,78.16,3.01,0
P0815,7.36,60.37,0,55.5,1,51.88,3.18,1
P0816,3.49,63.2,1,67.4,1,65.06,2.76,1
P0817,6.21,66.3,0,63.1,1,81.22,2.22,0
P0818,4.54,44.93,0,63.6,1,46.79,3.51,1
P0819,7.98,76.31,0,20.3,0,82.88,1.57,0
P0820,5.81,50.62,1,37.5,1,49.29,3.15,1
P0821,4.29,54.84,1,30.7,1,53.96,3.7,1
P0822,4.73,64.87,1,62.0,0,69.05,1.9,1
P0823,7.64,75.68,0,28.1,1,83.6,2.79,0
P0824,5.27,50.91,0,61.7,0,53.73,1.82,1
P0825,7.16,70.77,0,22.6,1,86.29,4.18,0
P0826,6.32,39.04,0,68.9,0,54.22,2.16,1
P0827,8.13,62.0,0,48.9,1,75.61,2.02,0
P0828,5.6,61.9,1,68.0,1,65.85,2.54,1
P0829,0.73,38.74,0,61.7,0,39.11,0.77,1
P0830,6.57,63.2,0,52.9,1,65.6,3.24,0
P0831,9.49,56.88,1,66.4,1,64.51,2.98,1
P0832,2.68,42.14,1,29.4,0,51.8,2.78,1
P0833,2.28,47.02,0,69.0,1,34.17,2.41,1
P0834,0.99,36.01,1,68.6,0,43.39,2.5,1
P0835,8.56,63.23,1,66.9,1,78.26,2.36,1
P0836,6.91,74.4,0,65.0,1,76.61,2.81,0
P0837,7.14,56.96,0,60.1,1,72.06,2.92,0
P0838,0.12,24.81,1,35.6,1,15.21,2.58,1
P0839,6.85,77.64,1,37.2,1,83.69,2.7,0
P0840,3.64,54.09,1,48.0,0,70.68,1.68,0
P0841,0.0,30.03,1,38.3,0,35.5,2.12,1
P0842,0.43,38.83,1,54.0,0,46.79,2.09,1
P0843,4.4,47.96,1,36.1,1,56.07,2.82,1
P0844,5.82,62.22,0,32.2,0,78.35,1.44,0
P0845,9.7,84.29,1,20.0,1,93.12,3.05,0
P0846,1.34,33.78,1,59.6,0,29.14,1.37,1
P0847,9.94,68.05,0,20.5,1,68.28,2.21,1
P0848,9.0,79.4,0,25.3,1,106.46,2.18,0
P0849,5.2,64.68,1,57.7,1,71.35,2.6,0
P0850,1.4,31.21,1,23.3,0,29.32,1.88,1
P0851,2.7,31.45,1,20.6,0,27.32,2.85,1
P0852,6.96,42.31,0,34.8,1,54.66,2.12,0
P0853,8.94,59.13,0,56.7,1,78.22,2.79,0
P0854,3.09,41.34,0,20.3,0,60.63,1.86,1
P0855,4.68,64.31,0,45.3,0,64.42,1.61,1
P0856,6.17,53.8,1,52.4,1,70.14,3.3,0
P0857,5.36,50.64,1,55.9,1,63.71,2.48,1
P0858,2.09,48.06,1,31.9,0,47.93,1.24,1
P0859,0.67,57.35,1,43.1,0,63.12,1.94,0
P0860,5.45,43.6,0,46.3,1,47.21,2.82,1
P0861,3.25,45.93,1,65.0,1,48.0,2.91,1
P0862,6.34,55.56,1,27.6,1,58.97,3.0,1
P0863,3.5,47.61,0,27.0,0,47.75,2.34,1
P0864,6.2,70.3,1,62.7,1,82.4,3.0,0
P0865,0.92,49.02,0,20.7,0,42.25,1.6,1
P0866,9.12,66.64,1,37.6,1,88.67,2.32,0
P0867,4.6,52.36,0,69.3,0,73.47,1.11,0
P0868,6.87,55.34,1,24.9,1,70.82,2.3,1
P0869,9.19,73.29,0,62.7,1,92.69,2.69,0
P0870,5.47,50.92,0,28.3,1,66.12,3.24,1
P0871,6.56,61.88,1,39.6,1,68.35,2.51,0
P0872,5.24,55.22,1,54.4,0,69.78,2.25,0
P0873,3.41,53.44,0,55.0,0,58.03,2.44,1
P0874,0.98,34.77,1,54.7,0,27.94,2.31,1
P0875,8.96,61.42,1,43.0,1,75.95,2.97,0
P0876,3.35,39.84,0,40.8,1,42.76,2.23,1
P0877,2.23,44.46,1,67.3,1,38.85,2.99,1
P0878,8.41,61.83,1,36.6,1,77.27,2.42,0
P0879,5.4,55.14,1,29.2,1,67.08,3.13,0
P0880,0.56,40.27,1,32.9,0,35.33,1.09,1
P0881,2.5,42.53,1,26.2,1,46.78,2.84,1
P0882,7.51,62.89,0,52.7,1,78.81,2.96,0
P0883,0.65,49.88,0,20.5,0,39.9,2.7,1
P0884,0.69,47.18,0,64.3,0,31.89,2.29,1
P0885,6.69,70.5,1,23.2,1,81.47,2.76,0
P0886,8.8,69.68,0,35.8,1,81.81,2.84,0
P0887,8.24,47.08,0,23.6,1,74.25,2.71,1
P0888,3.26,59.48,1,32.5,1,49.8,2.9,1
P0889,1.0,42.5,1,26.8,0,36.09,2.26,1
P0890,3.93,50.25,0,39.6,1,54.78,2.23,1
P0891,8.48,72.41,1,45.4,1,91.87,2.57,0
P0892,2.09,58.46,1,33.9,1,61.94,2.68,0
P0893,6.92,71.68,1,29.7,1,78.61,2.93,0
P0894,6.61,64.04,1,69.8,1,67.4,3.61,0
P0895,1.7,37.45,0,37.6,0,44.67,2.74,1
P0896,4.16,63.55,1,48.5,0,75.49,2.0,0
P0897,6.84,66.12,0,47.2,1,70.33,2.26,0
P0898,9.74,57.32,1,43.4,1,75.6,3.02,0
P0899,7.34,61.98,1,42.0,1,73.29,2.94,0
P0900,8.77,61.04,0,29.2,1,74.99,2.99,0
P0901,5.25,59.65,0,25.2,0,63.72,1.98,0
P0902,4.2,41.3,1,54.0,1,54.48,2.73,1
P0903,0.42,30.28,1,69.4,0,21.85,2.0,1
P0904,2.24,51.71,1,56.6,1,50.19,2.91,1
P0905,0.44,40.07,1,21.1,1,32.31,3.54,1
P0906,6.95,68.02,0,64.2,1,61.92,2.32,0
P0907,6.33,56.06,1,61.5,1,57.54,2.83,1
P0908,5.28,45.72,0,41.8,1,42.57,3.31,1
P0909,0.69,36.32,1,47.3,0,30.99,2.32,1
P0910,4.57,64.34,1,65.5,1,62.24,3.34,1
P0911,0.86,36.65,1,67.9,1,32.25,3.37,1
P0912,2.81,34.18,0,57.7,0,41.55,2.37,1
P0913,5.96,62.75,1,54.6,1,74.96,2.37,0
P0914,2.57,48.3,1,30.3,1,43.57,3.46,1
P0915,9.19,62.69,1,44.7,1,78.82,2.97,0
P0916,7.94,66.19,0,23.2,0,85.04,2.03,0
P0917,0.48,38.26,0,51.1,0,49.44,2.17,1
P0918,7.45,69.57,1,65.8,1,80.83,2.24,0
P0919,1.09,42.05,1,63.9,0,56.79,1.67,1
P0920,5.76,61.11,1,26.5,1,65.43,2.37,0
P0921,8.68,70.38,0,21.5,0,96.2,1.8,0
P0922,4.71,53.64,1,63.9,1,53.94,2.74,1
P0923,5.73,51.21,0,52.8,0,74.85,1.83,0
P0924,2.99,40.79,0,48.4,0,49.94,1.49,1
P0925,3.9,68.29,0,20.7,0,63.88,1.37,1
P0926,0.01,29.0,0,24.7,0,39.38,1.16,1
P0927,0.44,39.01,0,60.9,0,46.66,1.62,1
P0928,3.76,36.11,0,40.6,0,39.74,1.8,1
P0929,5.33,65.08,0,54.9,1,73.77,2.9,1
P0930,0.5,59.26,0,66.8,0,52.28,1.56,1
P0931,3.29,44.89,0,49.6,0,56.39,2.74,1
P0932,3.06,60.18,1,49.6,1,70.83,2.7,1
P0933,6.9,68.69,1,38.0,1,71.74,2.99,0
P0934,4.41,51.3,0,22.3,0,76.0,1.83,0
P0935,3.33,49.47,1,50.2,0,62.92,1.66,1
P0936,0.78,37.01,0,57.8,0,51.54,1.73,1
P0937,2.48,46.21,1,60.2,0,60.45,1.34,1
P0938,9.59,71.39,1,48.3,1,81.26,2.43,0
P0939,7.03,49.75,0,60.8,0,62.76,2.2,0
P0940,4.08,59.68,0,24.5,0,71.42,1.97,0
P0941,7.53,61.13,0,33.9,1,74.3,3.04,1
P0942,4.04,53.35,0,57.8,0,55.31,1.55,0
P0943,2.93,53.83,1,36.6,1,72.02,3.45,0
P0944,8.02,56.9,1,39.1,1,82.47,1.94,0
P0945,3.53,58.45,0,68.3,0,67.59,0.84,0
P0946,6.14,60.35,1,64.1,1,68.92,2.02,0
P0947,4.1,55.84,1,66.6,1,49.01,2.92,1
P0948,7.97,64.23,0,48.1,1,78.18,2.15,0
P0949,5.82,53.4,1,54.8,1,62.88,3.79,0
P0950,7.36,59.18,1,38.6,1,75.94,2.88,0
P0951,5.1,58.39,0,48.8,1,46.62,2.55,1
P0952,7.75,53.86,1,35.0,1,67.21,3.17,0
P0953,3.05,52.16,1,24.4,0,55.13,1.88,0
P0954,7.53,48.86,1,35.4,1,58.87,3.12,1
P0955,2.28,49.63,0,29.1,0,56.38,1.8,1
P0956,3.93,45.06,1,57.8,0,68.33,1.75,0
P0957,9.44,85.62,1,30.9,1,92.46,3.12,0
P0958,1.67,49.87,0,39.0,1,52.15,2.8,1
P0959,6.61,68.18,1,33.0,1,77.35,2.93,0
P0960,3.25,47.11,0,56.0,0,58.21,2.09,0
P0961,0.72,35.43,0,45.0,0,33.93,1.93,1
P0962,4.68,59.59,1,61.5,1,62.4,2.2,1
P0963,5.46,62.2,0,28.3,1,57.33,3.1,1
P0964,2.29,50.32,1,28.5,1,57.14,3.67,1
P0965,8.24,69.01,0,45.0,1,80.12,2.98,0
P0966,6.66,67.73,0,45.8,1,78.98,3.93,0
P0967,7.39,65.74,1,60.2,1,65.69,2.98,1
P0968,5.45,50.83,1,43.4,0,74.09,2.31,0
P0969,3.54,59.81,1,37.5,1,55.57,2.71,0
P0970,4.57,43.14,1,49.0,1,51.41,2.81,1
P0971,3.65,54.61,1,35.8,1,57.02,1.87,0
P0972,3.09,50.85,0,57.8,0,57.92,1.52,1
P0973,1.44,44.34,1,29.8,1,49.34,2.8,1
P0974,2.26,42.74,0,42.2,0,46.43,1.64,1
P0975,4.02,56.44,1,51.4,0,49.17,1.98,1
P0976,0.84,41.7,1,31.5,1,35.96,2.53,1
P0977,7.19,62.41,1,44.8,1,76.42,2.61,0
P0978,2.63,38.21,1,25.9,1,39.23,2.23,1
P0979,9.39,62.06,0,69.0,1,85.18,2.94,0
P0980,9.99,76.12,0,63.7,1,85.3,2.28,0
P0981,2.22,56.61,0,30.6,0,58.81,2.21,0
P0982,0.95,40.81,0,41.6,0,30.71,1.71,1
P0983,1.96,55.78,0,65.5,0,58.54,1.86,0
P0984,5.65,60.01,1,27.2,1,80.76,2.38,0
P0985,4.51,52.82,1,38.7,1,54.86,2.43,1
P0986,8.09,61.85,0,69.2,1,69.63,3.26,1
P0987,8.35,71.77,0,20.0,1,83.81,2.34,0
P0988,7.17,62.5,0,52.4,1,53.56,2.8,1
P0989,3.05,51.64,1,42.9,1,50.85,3.19,1
P0990,1.72,51.37,0,22.4,1,47.56,2.19,0
P0991,4.52,52.62,1,54.8,0,56.84,1.77,0
P0992,5.26,45.8,1,52.2,1,47.77,2.85,1
P0993,8.27,57.68,0,44.8,1,58.36,3.11,1
P0994,1.95,45.5,1,41.1,1,54.25,2.77,1
P0995,0.95,51.8,0,21.1,0,44.82,1.51,1
P0996,0.54,40.03,1,36.0,0,28.82,2.38,1
P0997,4.6,51.22,0,42.7,1,56.81,2.32,1
P0998,5.16,66.09,1,24.3,1,58.99,3.15,1
P0999,6.68,72.04,0,59.0,1,79.25,3.05,0
P1000,6.61,50.99,1,64.8,1,59.22,3.19,0
P1001,4.28,47.13,0,52.8,0,45.83,2.39,1
P1002,2.07,50.74,1,29.4,1,47.44,2.31,1
P1003,4.72,49.5,0,41.8,1,49.3,1.95,0
P1004,9.35,67.76,0,25.9,1,84.16,2.64,0
P1005,0.15,34.5,1,32.0,1,45.93,2.36,1
P1006,9.06,56.8,1,48.9,1,70.58,3.17,0
P1007,6.05,37.38,0,61.9,0,41.89,2.46,1
P1008,5.27,55.25,1,40.2,1,60.64,2.24,0
P1009,5.8,56.09,1,44.5,1,64.08,2.95,0
P1010,1.36,51.03,0,20.6,0,62.85,1.5,1
P1011,0.62,46.97,1,38.1,0,50.23,1.59,1
P1012,9.21,58.74,1,26.7,1,77.74,2.35,0
P1013,8.17,66.62,1,28.2,1,79.04,2.46,0
P1014,0.64,39.68,0,23.6,0,41.06,0.86,1
P1015,9.94,65.99,0,69.0,1,83.63,3.24,0
P1016,8.34,62.59,0,57.6,0,77.73,1.91,0
P1017,4.14,50.6,1,46.2,1,42.52,3.46,1
P1018,4.47,52.62,1,38.9,0,67.43,1.38,0
P1019,4.53,51.44,0,59.8,0,62.34,1.94,0
P1020,8.31,78.05,1,41.8,1,91.01,3.18,0
P1021,4.15,48.17,1,20.8,1,62.64,3.05,1
P1022,1.42,56.04,1,44.1,0,62.14,1.7,0
P1023,4.59,61.03,0,23.8,1,63.7,3.4,0
P1024,3.81,48.7,1,65.1,0,52.07,2.13,1
P1025,8.54,70.96,1,64.6,1,80.91,3.4,1
P1026,0.47,34.39,0,67.3,0,37.23,2.53,1
P1027,2.64,50.84,1,42.2,0,56.08,1.96,1
P1028,4.39,61.01,1,62.0,1,60.44,2.85,0
P1029,2.34,47.4,1,39.3,0,53.37,1.79,1
P1030,6.75,65.09,1,52.2,1,77.78,2.74,0
P1031,9.73,56.36,0,68.7,1,73.15,3.37,1
P1032,4.25,51.48,1,22.2,1,61.35,3.26,1
P1033,0.29,42.64,1,44.2,0,49.71,1.64,1
P1034,8.73,54.57,0,25.4,1,71.81,3.0,0
P1035,3.57,56.13,0,52.0,0,56.23,2.4,1
P1036,8.26,68.51,0,50.2,1,61.15,2.4,1
P1037,5.97,49.35,1,62.4,1,51.16,2.4,1
P1038,1.09,43.69,1,24.0,1,54.17,2.37,1
P1039,5.6,64.24,1,56.7,1,64.44,2.71,0
P1040,5.34,54.9,0,37.6,0,70.88,2.17,0
P1041,9.56,58.24,0,62.2,1,67.78,2.89,0
P1042,4.25,48.44,0,27.5,1,50.32,3.0,1
P1043,5.21,53.01,0,36.4,1,66.83,2.56,1
P1044,1.28,46.05,1,22.7,0,58.33,2.06,1
P1045,7.19,60.49,0,30.7,1,75.45,3.72,0
P1046,7.95,63.26,1,63.6,1,76.61,3.08,0
P1047,0.68,35.27,0,48.1,1,39.01,2.98,1
P1048,8.21,59.45,0,54.6,1,68.78,2.41,0
P1049,1.69,47.06,1,21.0,0,62.86,1.41,0
P1050,3.52,51.7,0,24.9,0,50.55,2.45,1
P1051,1.9,36.68,1,54.7,1,40.81,2.46,1
P1052,6.85,61.27,0,53.4,0,76.83,1.6,1
P1053,0.9,43.8,1,20.2,0,54.88,1.98,0
P1054,2.46,47.32,0,41.4,0,57.36,1.56,0
P1055,8.48,65.81,1,33.6,1,64.82,3.05,0
P1056,6.01,52.3,1,60.0,1,66.94,3.17,0
P1057,0.91,37.79,0,52.3,0,38.99,1.27,1
P1058,6.76,58.72,0,49.1,0,66.88,1.21,0
P1059,0.41,35.33,0,45.4,0,41.59,1.6,1
P1060,6.76,62.13,1,61.7,1,77.27,3.14,0
P1061,0.96,49.06,1,64.6,1,52.97,3.19,1
P1062,5.58,43.22,1,62.7,1,50.42,1.89,1
P1063,3.43,46.17,1,40.0,0,43.29,2.09,1
P1064,2.06,54.25,0,62.0,0,53.44,2.05,1
P1065,0.63,39.56,0,28.1,0,38.69,1.9,1
P1066,7.59,55.17,1,39.1,1,70.95,2.47,0
P1067,8.47,72.69,1,48.1,1,82.05,2.4,1
P1068,5.86,61.57,0,67.4,1,65.25,3.21,1
P1069,8.65,67.03,0,27.5,1,74.19,2.08,0
P1070,3.74,42.21,1,67.2,1,40.37,2.97,1
P1071,3.71,50.85,1,49.4,1,54.8,1.62,1
P1072,0.78,46.48,1,26.9,0,59.19,2.55,0
P1073,2.14,47.69,1,63.9,0,50.24,1.56,1
P1074,8.22,68.57,1,58.8,1,78.81,2.68,0
P1075,0.82,37.69,0,61.4,0,31.56,1.62,1
P1076,0.97,44.67,0,67.4,0,46.81,3.12,1
P1077,7.09,48.44,0,39.4,1,49.6,2.0,1
P1078,7.5,51.9,1,50.9,1,55.17,2.55,1
P1079,2.54,49.33,1,66.0,0,40.22,2.26,1
P1080,3.82,50.68,1,60.1,1,53.19,2.78,0
P1081,8.92,65.33,0,48.0,1,81.79,2.48,1
P1082,8.73,49.25,1,29.9,1,64.95,2.57,0
P1083,7.96,64.8,1,60.6,1,75.81,2.95,1
P1084,0.01,27.11,0,47.5,0,25.52,1.86,1
P1085,2.28,48.26,1,39.5,1,48.05,3.19,1
P1086,3.6,50.89,1,36.6,0,63.38,2.54,1
P1087,8.57,67.93,0,58.1,1,67.43,2.71,0
P1088,9.97,71.26,1,45.5,1,91.87,3.46,0
P1089,1.55,49.68,1,69.8,1,30.89,2.99,1
P1090,0.45,38.92,0,62.4,0,28.78,2.09,1
P1091,3.71,53.38,0,65.8,1,49.53,2.35,1
P1092,6.1,59.91,1,30.7,0,74.78,2.6,0
P1093,1.59,43.43,0,32.9,0,45.99,0.99,1
P1094,4.75,65.78,0,47.3,0,73.84,2.38,0
P1095,0.82,35.6,1,33.4,1,41.0,3.72,1
P1096,3.24,39.19,0,22.9,0,46.96,2.72,1
P1097,6.05,58.23,0,35.9,0,83.44,2.04,0
P1098,3.17,54.65,1,44.2,1,56.27,2.73,1
P1099,5.83,59.5,0,47.1,0,64.53,1.4,1
P1100,0.05,49.79,1,69.2,1,53.37,2.48,0
P1101,9.89,82.24,1,59.6,1,82.36,3.23,0
P1102,4.98,54.54,1,46.1,1,64.23,3.23,1
P1103,5.17,55.86,1,33.8,1,60.17,2.53,0
P1104,8.21,65.44,0,65.0,1,73.23,3.23,0
P1105,3.52,47.31,0,61.4,0,69.65,1.51,0
P1106,4.92,52.38,0,49.5,1,60.27,3.63,1
P1107,6.52,62.3,0,57.6,1,75.22,2.82,0
P1108,8.34,64.95,0,30.6,1,81.11,1.8,0
P1109,3.18,42.53,1,30.5,0,53.74,1.77,1
P1110,1.29,26.82,1,24.1,1,28.86,3.53,1
P1111,8.26,58.89,1,65.2,1,70.47,3.46,0
P1112,8.92,68.49,0,62.4,1,91.97,2.4,0
P1113,4.61,62.97,0,27.4,0,60.61,2.06,0
P1114,1.7,41.98,1,66.5,1,52.29,2.94,1
P1115,0.19,35.59,0,46.2,0,33.5,1.77,1
P1116,4.91,50.81,1,26.8,1,60.61,2.56,1
P1117,2.13,69.49,0,65.6,0,74.2,1.96,0
P1118,8.99,54.22,1,46.2,1,63.96,2.25,1
P1119,3.0,53.58,1,53.2,0,58.68,2.53,1
P1120,0.21,33.52,1,40.2,0,25.97,1.84,1
P1121,6.81,61.24,0,67.9,1,74.82,3.12,0
P1122,9.51,88.11,0,40.2,1,98.47,2.61,0
P1123,2.31,52.73,1,45.6,0,57.77,1.33,1
P1124,2.1,48.83,1,26.1,1,50.29,2.48,1
P1125,8.97,73.83,1,41.9,1,86.58,1.91,0
P1126,1.91,30.83,0,43.6,1,25.57,3.11,1
P1127,9.23,60.07,0,48.1,1,72.16,3.03,0
P1128,3.56,35.18,0,65.4,0,40.36,1.85,1
P1129,2.49,51.13,0,48.8,1,60.84,3.9,1
P1130,3.07,40.39,0,53.5,1,45.67,2.35,1
P1131,8.53,79.34,0,36.1,1,102.95,2.45,0
P1132,7.07,52.92,1,48.6,1,57.9,3.97,0
P1133,0.62,41.56,1,35.5,0,40.52,2.24,1
P1134,8.14,65.4,0,67.8,1,68.02,2.79,0
P1135,9.98,68.25,0,46.0,1,83.39,2.08,1
P1136,0.11,34.88,0,45.5,0,28.38,2.58,1
P1137,2.46,57.71,1,45.2,0,65.35,1.55,1
P1138,1.38,39.77,0,32.9,1,34.85,2.48,1
P1139,0.52,42.25,1,62.2,0,47.57,1.43,0
P1140,5.25,45.5,0,59.2,0,59.39,1.49,0
P1141,2.05,47.71,0,28.9,0,55.63,2.1,1
P1142,7.55,55.47,1,60.9,1,76.29,2.47,0
P1143,8.6,76.62,1,41.3,1,96.89,3.43,0
P1144,4.82,61.77,1,43.3,1,71.08,3.31,0
P1145,5.92,59.02,1,39.6,1,60.77,2.44,1
P1146,9.06,60.21,1,65.5,1,67.3,3.95,0
P1147,7.97,61.47,1,54.9,1,73.46,2.77,0
P1148,4.62,48.69,0,60.0,0,60.15,2.11,1
P1149,6.48,64.75,1,55.0,1,72.65,3.22,1
P1150,3.4,53.33,0,56.3,0,63.7,2.11,0
P1151,4.47,42.92,0,63.9,1,56.2,2.99,1
P1152,3.58,60.87,0,62.2,1,61.95,3.31,1
P1153,5.35,49.05,0,57.0,0,62.9,1.84,1
P1154,7.88,62.9,1,61.9,1,74.82,2.88,0
P1155,4.35,50.96,1,58.7,1,50.18,3.0,1
P1156,2.28,33.2,0,69.6,0,37.33,1.4,1
P1157,6.13,56.92,1,57.0,1,64.1,1.76,0
P1158,2.55,50.1,0,50.1,0,50.49,2.03,1
P1159,8.87,58.02,0,66.5,0,78.27,0.78,0
P1160,7.97,56.93,1,52.8,1,57.8,2.64,1
P1161,8.86,65.29,1,29.0,1,78.61,2.88,0
P1162,1.5,49.66,1,23.8,0,55.74,1.88,0
P1163,6.75,66.99,0,55.7,1,78.83,3.18,0
P1164,8.84,58.18,1,43.7,1,58.97,3.54,1
P1165,0.29,41.82,0,50.7,0,41.7,1.07,1
P1166,4.56,56.83,1,44.3,0,69.02,2.38,0
P1167,7.45,71.43,0,27.8,1,81.42,2.89,0
P1168,4.03,58.97,0,40.6,0,62.09,1.7,0
P1169,3.3,52.98,1,23.2,0,68.59,1.65,0
P1170,4.25,50.2,1,66.8,0,60.71,2.67,0
P1171,6.98,60.16,1,44.3,1,71.73,2.58,1
P1172,6.04,68.76,0,32.4,0,78.38,2.46,0
P1173,2.89,59.99,0,50.4,0,54.13,1.75,1
P1174,1.42,42.03,0,26.7,0,37.93,2.04,1
P1175,1.72,38.65,0,66.5,0,47.27,2.63,1
P1176,9.1,75.58,0,34.2,1,85.56,2.06,0
P1177,5.02,53.95,0,25.9,0,66.07,1.9,0
P1178,8.56,82.65,0,48.0,1,107.7,3.14,0
P1179,2.16,40.23,1,35.6,1,40.34,2.58,1
P1180,3.66,44.29,0,37.6,1,34.05,2.16,1
P1181,0.4,38.76,1,42.0,0,48.99,1.66,1
P1182,8.63,85.5,0,27.7,1,82.81,2.49,0
P1183,1.95,41.71,1,65.0,0,57.33,2.24,0
P1184,3.46,43.73,0,54.4,0,56.88,2.17,0
P1185,6.68,61.78,1,21.4,1,64.42,3.3,0
P1186,5.43,48.1,1,52.7,1,57.43,2.81,0
P1187,7.08,57.37,0,27.5,1,55.72,2.69,1
P1188,9.96,65.68,1,62.2,1,84.43,3.32,1
P1189,0.79,32.67,1,61.3,0,27.8,2.42,1
P1190,1.36,51.52,0,27.9,0,56.54,2.7,1
P1191,7.4,57.85,1,58.1,1,70.11,2.97,1
P1192,4.62,75.97,0,29.2,0,95.07,2.63,0
P1193,1.63,47.96,0,47.1,0,63.31,2.09,1
P1194,9.54,74.17,1,34.9,1,106.76,3.14,0
P1195,1.27,40.86,1,50.6,0,33.28,2.64,1
P1196,5.8,63.01,1,49.1,1,73.53,3.17,0
P1197,6.17,66.09,1,30.6,1,76.89,2.41,0
P1198,9.43,53.16,1,32.1,1,66.72,2.54,1
P1199,1.94,39.21,1,42.1,0,48.2,1.25,0
P1200,2.54,47.47,1,20.9,0,56.51,1.05,0
P1201,7.72,73.5,0,42.0,1,74.88,3.55,0
P1202,2.2,44.16,1,47.3,0,50.15,1.14,1
P1203,4.79,46.1,0,33.6,0,69.54,2.78,0
P1204,4.04,53.58,1,53.8,1,50.68,3.6,1
P1205,7.2,53.61,1,26.9,0,56.65,1.81,1
P1206,0.17,27.25,0,22.9,0,27.34,2.46,1
P1207,3.77,49.12,0,45.7,1,57.11,2.57,1
P1208,3.78,50.26,0,56.4,1,56.55,2.36,1
P1209,9.57,62.5,1,24.9,1,70.01,2.63,0
P1210,0.87,32.79,1,22.3,1,20.6,2.98,1
P1211,3.0,57.97,0,46.4,1,50.26,2.75,1
P1212,3.29,69.74,1,62.7,1,61.5,3.05,0
P1213,3.72,52.95,0,21.9,1,62.19,2.54,1
P1214,9.7,70.71,0,52.8,1,87.54,3.5,0
P1215,6.65,70.42,1,33.9,1,81.03,2.0,0
P1216,9.94,70.81,1,26.3,1,91.26,2.74,0
P1217,3.13,51.39,0,67.0,0,64.28,2.32,0
P1218,0.44,37.06,1,57.8,0,38.14,1.38,1
P1219,4.3,43.13,1,28.8,1,41.15,2.97,1
P1220,0.92,44.38,0,43.1,0,50.65,2.4,0
P1221,1.41,43.49,1,34.1,0,43.29,1.75,1
P1222,2.34,42.96,0,26.6,0,46.9,2.01,1
P1223,9.32,67.09,0,22.7,1,77.28,2.77,0
P1224,2.45,37.61,1,30.2,0,40.7,1.76,1
P1225,9.58,63.79,1,22.4,1,72.82,2.65,0
P1226,3.9,58.1,1,34.7,1,65.71,3.89,0
P1227,3.87,47.66,0,29.4,0,60.32,1.53,1
P1228,8.2,77.31,0,39.4,1,85.48,3.25,0
P1229,2.16,40.31,1,34.0,1,36.74,1.95,1
P1230,0.22,37.32,1,41.5,0,43.2,1.9,1
P1231,1.73,50.8,1,27.2,0,50.4,1.93,1
P1232,0.31,44.28,1,31.2,0,52.54,1.62,0
P1233,0.42,29.27,1,48.8,0,28.78,1.51,1
P1234,8.91,63.13,1,21.6,1,73.25,3.14,1
P1235,1.49,39.79,1,54.9,0,43.21,1.23,1
P1236,3.35,41.92,1,59.8,1,36.84,2.71,1
P1237,0.46,29.12,0,31.1,0,33.63,2.99,1
P1238,5.27,60.99,1,40.9,1,80.29,3.34,1
P1239,1.25,37.85,1,47.9,1,46.44,3.18,1
P1240,4.43,65.55,1,25.5,1,62.06,3.51,1
P1241,7.73,69.41,0,23.2,1,75.21,2.34,1
P1242,8.38,66.12,1,46.7,1,91.0,3.57,0
P1243,1.76,42.19,1,42.7,0,56.7,2.01,1
P1244,2.14,39.23,1,65.8,0,63.73,1.59,0
P1245,6.97,64.07,0,38.5,1,58.12,3.25,1
P1246,7.22,69.68,0,25.0,1,90.96,3.26,0
P1247,1.72,43.01,1,52.8,0,45.77,2.15,1
P1248,3.47,63.94,0,35.9,1,56.67,2.71,1
P1249,0.97,43.78,0,44.2,0,50.07,2.2,1
P1250,9.6,72.77,0,59.3,1,92.99,3.24,0
P1251,6.22,59.84,1,52.2,1,82.17,2.36,0
P1252,8.18,89.59,1,41.2,1,114.07,3.34,0
P1253,3.6,55.57,0,37.0,1,53.66,2.73,1
P1254,8.28,62.53,0,60.1,0,70.56,1.72,0
P1255,1.62,47.77,1,38.2,0,50.11,1.47,1
P1256,8.02,54.77,0,41.7,1,67.3,2.99,0
P1257,2.03,47.55,1,25.9,0,45.84,1.37,1
P1258,6.49,56.15,0,22.5,1,74.53,2.97,0
P1259,3.9,68.61,1,59.0,0,74.45,1.63,0
P1260,1.25,55.48,0,37.3,1,60.13,2.75,0
P1261,2.94,43.31,1,55.5,0,59.23,2.34,0
P1262,5.41,65.87,1,44.2,1,74.34,3.05,0
P1263,2.16,42.51,1,38.7,1,51.66,2.12,1
P1264,8.76,57.77,1,39.2,1,86.68,2.39,0
P1265,3.75,44.97,0,34.4,0,49.82,1.88,1
P1266,8.89,71.36,0,34.3,1,91.04,3.03,0
P1267,6.74,59.93,1,58.2,1,63.32,3.44,0
P1268,4.22,58.77,1,43.6,1,58.15,2.87,1
P1269,2.9,44.08,1,41.3,0,42.09,1.94,1
P1270,8.76,68.01,1,28.8,1,80.18,3.42,1
P1271,2.45,40.53,1,35.9,0,38.8,2.15,1
P1272,4.69,36.77,0,58.4,1,44.4,3.18,1
P1273,4.65,54.08,0,32.0,0,68.32,1.56,1
P1274,6.34,54.45,1,20.6,1,65.69,1.7,0
P1275,4.89,53.46,1,20.9,1,72.97,3.46,1
P1276,9.09,74.09,1,27.1,1,90.29,3.18,0
P1277,1.22,49.17,0,23.2,0,50.21,1.46,1
P1278,3.6,41.77,1,22.8,0,53.41,2.29,0
P1279,3.51,48.39,1,53.2,1,58.3,2.88,0
P1280,7.67,56.66,1,59.4,1,79.07,3.09,0
P1281,9.58,62.31,0,24.7,1,87.13,2.48,0
P1282,7.98,66.01,1,51.1,1,94.24,3.3,0
P1283,1.75,52.34,1,53.8,0,57.19,2.44,0
P1284,2.23,49.93,1,62.6,0,49.88,1.4,1
P1285,8.11,74.61,1,69.2,1,82.41,2.01,0
P1286,9.9,63.58,0,21.3,1,77.07,3.22,0
P1287,6.75,64.22,0,34.3,1,68.6,2.43,0
P1288,5.54,55.23,1,42.5,1,69.38,2.69,0
P1289,7.86,66.97,1,39.1,1,88.34,3.18,0
P1290,1.01,47.37,1,39.0,0,43.93,1.76,1
P1291,6.97,60.85,0,62.8,0,73.94,2.01,0
P1292,4.9,59.7,1,65.6,1,66.3,3.2,0
P1293,5.12,53.97,1,49.6,1,72.53,2.74,1
P1294,7.24,67.28,0,21.8,1,67.92,2.36,1
P1295,8.4,55.28,1,67.2,1,70.61,2.51,0
P1296,7.5,67.29,0,22.0,1,81.64,2.28,0
P1297,6.96,65.51,1,62.7,1,66.11,2.74,0
P1298,0.77,41.1,1,46.6,1,48.17,3.23,1
P1299,3.9,72.95,1,62.5,0,76.24,2.35,0
P1300,9.85,65.95,0,69.9,1,82.62,2.16,0
P1301,6.02,54.83,1,66.7,1,59.18,2.74,1
P1302,2.28,62.66,1,68.8,0,70.74,1.73,0
P1303,0.32,55.26,0,67.7,0,53.68,1.67,1
P1304,1.87,46.45,1,37.6,0,42.31,1.85,1
P1305,8.22,72.25,1,59.5,1,72.15,3.65,1
P1306,4.19,49.1,0,33.9,0,65.64,1.57,1
P1307,2.53,70.71,1,33.9,1,62.94,3.25,1
P1308,2.24,44.12,0,33.8,0,55.22,2.03,0
P1309,2.83,27.97,1,63.6,1,24.42,3.22,1
P1310,1.59,35.45,0,52.7,0,48.55,1.5,1
P1311,4.66,52.56,1,40.7,1,43.76,2.48,1
P1312,8.66,77.31,1,39.9,1,98.39,3.0,0
P1313,8.03,56.32,1,66.7,1,70.78,2.96,0
P1314,7.05,53.41,0,67.4,1,51.06,2.56,1
P1315,8.31,70.22,1,55.8,1,90.73,2.83,0
P1316,5.24,49.61,1,42.2,1,63.94,2.28,1
P1317,9.86,69.54,0,33.3,1,95.08,2.92,0
P1318,1.74,30.55,0,24.3,1,26.89,3.19,1
P1319,3.91,44.49,0,51.1,0,61.18,2.23,1
P1320,9.71,77.15,1,39.5,1,90.57,2.87,0
P1321,9.4,63.19,1,31.6,1,68.08,2.52,0
P1322,3.65,47.68,0,52.5,0,52.54,1.92,0
P1323,7.09,56.15,0,37.8,1,65.5,2.68,1
P1324,7.3,78.23,0,45.8,1,86.85,2.65,0
P1325,7.4,59.77,0,42.4,1,68.26,3.26,1
P1326,0.6,42.91,0,25.8,0,50.51,2.78,1
P1327,9.91,61.4,1,55.8,1,72.07,2.38,0
P1328,1.13,44.92,0,36.4,0,57.12,1.96,1
P1329,0.25,57.28,1,24.2,0,49.98,2.18,1
P1330,1.4,38.08,0,20.1,0,33.82,1.83,1
P1331,6.61,72.33,1,29.9,1,82.41,3.25,0
P1332,6.35,51.06,1,55.8,1,60.66,3.42,1
P1333,0.42,52.92,1,55.3,1,34.0,2.88,1
P1334,8.1,59.83,1,37.2,1,79.17,2.69,0
P1335,9.36,69.78,1,65.5,1,96.13,2.84,0
P1336,4.93,58.56,1,58.3,1,62.3,2.93,0
P1337,2.89,47.05,0,60.3,1,50.64,2.95,1
P1338,5.79,63.19,1,38.9,1,86.39,2.18,0
P1339,7.86,52.21,1,34.8,1,66.77,3.2,0
P1340,3.06,25.32,0,40.3,1,21.96,2.87,1
P1341,4.7,55.13,0,54.3,1,64.75,3.15,0
P1342,0.84,51.64,1,35.6,0,61.28,2.54,1
P1343,5.4,59.32,1,54.5,1,72.52,2.92,1
P1344,7.44,63.86,1,24.1,1,78.41,3.05,0
P1345,0.6,55.21,1,23.9,0,52.72,2.59,1
P1346,8.72,64.87,0,42.0,1,88.26,3.23,0
P1347,2.99,51.57,0,29.8,0,55.28,2.3,1
P1348,2.1,53.23,0,59.6,0,53.65,2.68,0
P1349,5.98,62.57,0,22.4,1,85.51,3.25,0
P1350,4.27,58.12,1,32.4,1,64.2,3.48,0
P1351,4.35,45.14,1,46.9,1,41.95,3.52,1
P1352,9.75,60.66,0,60.3,1,68.64,2.41,0
P1353,4.85,44.14,0,49.3,1,55.18,2.62,1
P1354,3.66,50.5,1,26.0,0,60.71,1.71,1
P1355,7.43,75.98,0,65.5,0,92.77,1.92,1
P1356,8.16,57.84,1,54.0,1,59.02,3.16,1
P1357,9.81,68.07,1,56.8,1,70.96,3.53,0
P1358,3.1,54.82,0,31.5,0,59.69,2.08,0
P1359,7.75,70.9,1,27.9,1,82.79,2.93,0
P1360,5.32,52.82,1,69.1,1,55.2,2.95,1
P1361,3.74,69.03,1,49.0,1,76.07,3.23,1
P1362,3.96,49.47,0,37.9,0,65.95,3.02,0
P1363,1.79,61.43,0,45.3,0,63.94,1.5,1
P1364,4.1,53.7,1,27.8,0,65.15,3.22,1
P1365,5.18,65.04,1,29.5,1,61.46,2.76,0
P1366,3.26,43.31,0,29.0,1,44.03,2.06,1
P1367,3.27,45.49,1,57.2,0,56.42,2.17,1
P1368,4.34,50.12,1,61.9,1,50.7,4.0,0
P1369,5.5,59.38,1,51.1,1,52.37,2.55,1
P1370,2.63,48.36,1,61.8,0,54.97,2.6,0
P1371,2.56,44.4,0,30.9,0,52.93,2.45,1
P1372,4.88,62.93,1,20.7,1,83.93,3.21,0
P1373,4.14,62.8,1,31.3,0,65.45,2.23,0
P1374,0.33,36.66,1,48.5,1,32.63,3.13,1
P1375,9.96,62.1,1,58.2,1,75.05,2.97,0
P1376,3.98,49.55,1,66.9,1,56.2,2.44,1
P1377,1.01,47.1,1,22.9,1,49.22,2.68,1
P1378,4.86,41.78,0,43.9,0,39.69,2.96,1
P1379,7.75,49.82,1,27.0,1,55.55,2.6,0
P1380,4.52,50.69,0,64.5,0,47.47,2.35,1
P1381,8.94,55.76,0,53.1,1,72.78,2.87,1
P1382,9.11,68.76,1,57.2,1,88.5,2.69,0
P1383,6.15,60.46,0,29.0,1,77.03,2.97,0
P1384,2.75,47.18,1,43.0,1,40.24,2.87,1
P1385,2.27,52.86,1,63.6,0,50.49,1.32,1
P1386,3.09,43.45,1,60.9,1,43.16,2.41,1
P1387,0.42,42.16,1,39.2,1,41.85,2.99,0
P1388,2.33,46.69,1,27.0,1,36.76,2.88,1
P1389,6.65,55.2,1,56.9,1,55.8,2.99,1
P1390,6.72,59.95,1,21.6,1,74.54,2.95,1
P1391,8.92,62.72,0,56.7,1,82.17,3.24,0
P1392,0.55,40.24,0,67.8,0,47.89,2.45,1
P1393,8.84,53.02,1,35.2,1,68.25,3.41,0
P1394,8.45,70.61,0,41.9,1,89.69,2.56,1
P1395,5.76,48.49,0,65.5,0,64.8,2.22,1
P1396,8.97,52.84,0,21.8,1,71.33,3.01,0
P1397,6.26,63.88,0,69.8,1,81.14,2.45,0
P1398,8.7,69.57,0,47.7,1,73.1,2.83,1
P1399,4.49,54.89,1,67.3,1,66.81,3.05,0
